,episode,total_reward
0,0,46.796912445443105
1,1,-31.600000000000016
2,2,48.36962328507394
3,3,31.053026984869373
4,4,-35.65609999999998
5,5,-34.069700000000005
6,6,38.12831624808854
7,7,52.17394161649915
8,8,-28.200000000000024
9,9,-27.60000000000003
10,10,51.3436026585224
11,11,47.01735906296817
12,12,-27.60470000000003
13,13,51.63571791050425
14,14,53.97847968069937
15,15,46.76039375150418
16,16,-14.299999999999905
17,17,39.12597819999876
18,18,-31.937100000000008
19,19,52.6014242438292
20,20,-22.464099999999988
21,21,53.92967609079884
22,22,-35.129900000000006
23,23,54.737585786229985
24,24,60.11648130802261
25,25,-36.24370000000002
26,26,31.919026619604214
27,27,-24.30000000000004
28,28,-26.300000000000033
29,29,49.33095238949772
30,30,59.8976121806816
31,31,47.52110040932173
32,32,-25.257299999999923
33,33,56.269550139940996
34,34,-35.888200000000055
35,35,54.777258491003835
36,36,72.40299237342
37,37,61.63812012762669
38,38,-34.843400000000024
39,39,46.78595508568977
40,40,62.42634386952845
41,41,49.26353305048141
42,42,-38.74369999999996
43,43,54.794705293507036
44,44,48.445660939020264
45,45,66.95097026039295
46,46,-23.84600000000005
47,47,63.76103558189254
48,48,47.91110698702574
49,49,49.31343172762004
50,50,65.37943824918015
51,51,52.48061994755916
52,52,54.821260413443625
53,53,39.980730324608714
54,54,-20.97660000000013
55,55,68.25406338209466
56,56,41.718475514080374
57,57,56.439915277041194
58,58,-6.753899999999831
59,59,56.07912089102052
60,60,41.34267702833103
61,61,43.72739622392367
62,62,47.34095479236902
63,63,-16.115499999999937
64,64,47.403477260052554
65,65,-29.240900000000025
66,66,-35.74560000000002
67,67,46.10802143297587
68,68,-23.75489999999995
69,69,-25.646900000000024
70,70,47.68015260799732
71,71,36.82586803599171
72,72,42.41190761103167
73,73,52.62244039337356
74,74,-21.0
75,75,45.68231399721642
76,76,31.675354966762193
77,77,-19.974899999999863
78,78,58.60140361497213
79,79,65.99792751933677
80,80,69.22038490799046
81,81,-34.0536
82,82,-25.300000000000036
83,83,46.427994741667604
84,84,-7.2177999999998335
85,85,63.60539133366877
86,86,69.47134892549882
87,87,58.136832862439334
88,88,48.798704152535386
89,89,52.64129966511771
90,90,-22.700000000000024
91,91,70.7805972502524
92,92,-41.0364
93,93,-28.359500000000022
94,94,44.41051622837346
95,95,51.769965552581894
96,96,-19.199999999999974
97,97,60.11211903767945
98,98,54.233289071342654
99,99,-11.773899999999987
100,100,68.60587540483431
101,101,60.93502922863483
102,102,-25.86050000000004
103,103,38.69922613330331
104,104,66.32830377699236
105,105,-35.48830000000004
106,106,46.7882797859077
107,107,-21.069200000000343
108,108,-21.463900000000006
109,109,45.84933114057934
110,110,27.576881508819163
111,111,-20.82009999999986
112,112,46.702766574851466
113,113,-22.075199999999946
114,114,-27.129000000000033
115,115,-26.009399999999975
116,116,50.392763871568576
117,117,-23.177899999999983
118,118,44.259312232605616
119,119,-15.599999999999923
120,120,39.017356330391756
121,121,51.64570387304607
122,122,-39.26600000000003
123,123,51.062414202539216
124,124,-39.8528
125,125,-24.30000000000004
126,126,-37.54309999999998
127,127,-10.23889999999977
128,128,63.15534366818943
129,129,50.960368422934266
130,130,53.453042846270975
131,131,-38.59479999999999
132,132,65.89500167439651
133,133,44.74132930071074
134,134,-34.890499999999996
135,135,-38.19979999999999
136,136,-18.984899999999943
137,137,-26.90000000000003
138,138,43.869360181262294
139,139,57.971334831786876
140,140,48.007735892380076
141,141,57.3493773020343
142,142,-26.60000000000003
143,143,-36.798200000000044
144,144,44.460848067157336
145,145,37.463891988998206
146,146,-15.799999999999926
147,147,-30.096800000000016
148,148,67.22651644437302
149,149,53.47491971625562
150,150,-23.228399999999674
151,151,-26.765700000000017
152,152,34.15474405401465
153,153,46.50365144426635
154,154,51.128843092785814
155,155,64.84752225908895
156,156,48.214843695401754
157,157,32.16643961044359
158,158,-24.10000000000004
159,159,30.74671407875517
160,160,-34.70469999999999
161,161,44.75583860336729
162,162,45.06025553960388
163,163,40.44473577734589
164,164,-35.466800000000035
165,165,43.15949342274982
166,166,-23.579199999999897
167,167,43.73503800256067
168,168,-20.721599999999988
169,169,56.767401826663246
170,170,49.66239678447417
171,171,45.76096478308118
172,172,47.522304334478974
173,173,51.698776707262354
174,174,58.60063138570357
175,175,-36.060199999999945
176,176,42.508469884836074
177,177,-23.381900000000204
178,178,-15.94619999999982
179,179,-22.30510000000017
180,180,29.330715073132748
181,181,45.50862612700403
182,182,-15.02179999999991
183,183,45.5266713353772
184,184,-17.49999999999995
185,185,56.61655310815898
186,186,56.262149542352866
187,187,57.0722801452807
188,188,60.553797139329035
189,189,-12.999999999999886
190,190,-22.700000000000024
191,191,58.17030457605166
192,192,-23.220900000000025
193,193,63.925184139860406
194,194,-38.7544
195,195,41.49688231542031
196,196,40.57639295119957
197,197,63.8133435153187
198,198,-11.499999999999865
199,199,-17.547500000000024
200,200,35.72027624477077
201,201,46.270501648282675
202,202,53.59992628065953
203,203,-27.82299999999998
204,204,39.536102834757614
205,205,-20.571699999999826
206,206,69.69117822788024
207,207,-24.50000000000004
208,208,31.294050878676533
209,209,-22.388000000000286
210,210,36.120479951999414
211,211,-16.199999999999932
212,212,52.72315494770987
213,213,59.25642395736783
214,214,-27.764400000000066
215,215,51.166671384064585
216,216,-35.98199999999999
217,217,-22.000000000000014
218,218,-39.6632
219,219,-40.6004
220,220,43.53050471750885
221,221,65.60539822935749
222,222,61.57758761020051
223,223,-21.900000000000013
224,224,56.81165331732595
225,225,-37.82680000000001
226,226,44.19051237342742
227,227,49.13170308412116
228,228,62.226709584062014
229,229,45.62169735720683
230,230,59.829823290187974
231,231,-21.160000000000032
232,232,59.83565350343517
233,233,35.50536309456964
234,234,-11.759299999999715
235,235,66.66850927543666
236,236,-39.825399999999995
237,237,64.18749980875003
238,238,-17.13390000000017
239,239,44.49953004644573
240,240,-22.338000000000108
241,241,28.205646513326545
242,242,-26.90000000000003
243,243,-35.80619999999999
244,244,51.61235397439832
245,245,47.18669834301997
246,246,-41.2424
247,247,47.24535735283862
248,248,55.42335454442025
249,249,-24.850800000000163
250,250,-25.12880000000004
251,251,-12.299999999999876
252,252,-19.399999999999977
253,253,57.70368002996402
254,254,41.37786778473322
255,255,56.30162122485731
256,256,-12.699299999999727
257,257,-18.643199999999947
258,258,-18.098399999999994
259,259,-30.012400000000042
260,260,-20.811000000000043
261,261,-8.832199999999752
262,262,-26.000000000000036
263,263,68.10206195215363
264,264,51.98757332208579
265,265,41.92699469344685
266,266,-40.9972
267,267,53.70565583798093
268,268,48.23552068017648
269,269,68.48809436497173
270,270,-20.499999999999993
271,271,50.645739738782
272,272,59.476054225318926
273,273,70.74502150418789
274,274,-18.399999999999963
275,275,-9.123399999999823
276,276,-19.259599999999953
277,277,-17.462999999999962
278,278,54.95003541415844
279,279,-22.386500000000073
280,280,61.75757604404997
281,281,-25.758400000000087
282,282,56.96465037589282
283,283,-41.93259999999999
284,284,46.2063727232599
285,285,41.59988040923204
286,286,48.695461956026456
287,287,-30.51359999999996
288,288,-22.996699999999944
289,289,43.71014689248208
290,290,-8.502199999999743
291,291,71.79021750952303
292,292,-25.87880000000011
293,293,-36.533200000000015
294,294,52.60425864095963
295,295,69.60445224583913
296,296,29.575856829572047
297,297,47.18028154658103
298,298,55.9925600816902
299,299,47.789091364489664
300,300,45.79796292728649
301,301,-38.03160000000001
302,302,35.28631985382558
303,303,48.7814342136048
304,304,43.170182385287234
305,305,-37.02580000000002
306,306,-13.26649999999972
307,307,72.69592533871719
308,308,48.43933359620175
309,309,62.27977500693175
310,310,64.73362463720295
311,311,67.36019114312266
312,312,49.16359054163249
313,313,71.85207684385884
314,314,-40.525000000000006
315,315,-13.990099999999458
316,316,56.9706950477504
317,317,60.47807289761995
318,318,-23.00000000000003
319,319,-9.333299999999856
320,320,-31.813199999999952
321,321,-18.224799999999902
322,322,-30.329600000000017
323,323,51.15960762543352
324,324,-12.597199999999813
325,325,50.61932620078061
326,326,53.07366200220167
327,327,70.03263437422356
328,328,-21.200000000000003
329,329,39.143840127222916
330,330,-7.623499999999851
331,331,-26.62060000000005
332,332,45.97512155496244
333,333,36.82298134758537
334,334,-35.28360000000002
335,335,43.38600000453591
336,336,-35.62560000000007
337,337,-35.61800000000006
338,338,-21.60000000000001
339,339,-41.445000000000014
340,340,-37.21039999999999
341,341,-30.39800000000004
342,342,-26.20000000000003
343,343,55.241056185963885
344,344,39.277341212403414
345,345,-26.713400000000007
346,346,-17.699999999999953
347,347,31.621480726290827
348,348,54.78971424883383
349,349,-11.19999999999986
350,350,66.40220321648849
351,351,-30.936800000000027
352,352,-37.23060000000001
353,353,54.16062922908566
354,354,47.078730724200454
355,355,-12.785699999999704
356,356,-19.5659000000001
357,357,-24.50000000000004
358,358,-24.30000000000004
359,359,36.569121392405066
360,360,68.9122528667633
361,361,55.65047115259583
362,362,-8.66049999999981
363,363,-26.280000000000065
364,364,53.07328063178204
365,365,-22.900000000000027
366,366,-33.846800000000016
367,367,62.017130923597406
368,368,-31.551100000000012
369,369,-31.477200000000046
370,370,65.61996840573843
371,371,35.61608523270004
372,372,-27.38750000000008
373,373,58.152373820217036
374,374,66.2372051482883
375,375,-29.75400000000011
376,376,-22.94499999999992
377,377,43.383562261970724
378,378,68.28871080100143
379,379,65.39139564382184
380,380,55.253048714848546
381,381,62.66133476135035
382,382,45.19944402025995
383,383,72.3005129803114
384,384,68.15251333208258
385,385,-30.67660000000015
386,386,51.78543304800595
387,387,-14.284899999999965
388,388,-15.999999999999929
389,389,-19.74399999999988
390,390,59.52223728083224
391,391,50.06258494481767
392,392,-22.650900000000068
393,393,-10.094199999999944
394,394,-11.999999999999872
395,395,-19.376199999999617
396,396,-34.38959999999995
397,397,-6.99879999999979
398,398,62.460449207196056
399,399,38.40662203187212
400,400,66.60954363412075
401,401,68.09425622852049
402,402,-31.373999999999917
403,403,-39.8606
404,404,37.968227780666886
405,405,29.165420733545684
406,406,-40.0
407,407,-22.200000000000017
408,408,57.94826214086097
409,409,60.53764820472742
410,410,52.64191295439844
411,411,-38.490600000000015
412,412,39.18391814268865
413,413,-17.199999999999946
414,414,63.059613055940964
415,415,-19.799999999999983
416,416,-12.892999999999866
417,417,44.732827888988275
418,418,-26.000000000000036
419,419,-23.770500000000023
420,420,40.740501829021134
421,421,-38.4718
422,422,41.054073624208684
423,423,33.23612131811117
424,424,-19.305999999999976
425,425,46.35282449345435
426,426,-14.399499999999787
427,427,51.04692256151311
428,428,-20.799999999999997
429,429,44.74138214803771
430,430,53.34819638233459
431,431,46.26880367644187
432,432,-39.8356
433,433,-28.394300000000058
434,434,60.87317698714442
435,435,59.62439922168058
436,436,40.01688244344157
437,437,69.57470521850014
438,438,-34.06129999999999
439,439,53.97615910819888
440,440,-15.86869999999993
441,441,-40.275600000000004
442,442,61.03450170676197
443,443,-23.00000000000003
444,444,-35.56540000000002
445,445,43.93171829303722
446,446,-16.173199999999742
447,447,-21.279699999999906
448,448,43.68748430261736
449,449,-35.08590000000001
450,450,28.72867580241592
451,451,-17.899999999999956
452,452,-30.96039999999997
453,453,65.27118315688176
454,454,-12.999999999999886
455,455,63.17577637993887
456,456,59.29588619304913
457,457,40.30735006368193
458,458,56.43828112491398
459,459,-34.0088
460,460,54.20873488423557
461,461,-18.99999999999997
462,462,-14.300599999999694
463,463,46.02561853861019
464,464,47.90104050858212
465,465,68.91504817843428
466,466,64.00621157495497
467,467,63.675305862359686
468,468,41.97653195769451
469,469,61.222250777938925
470,470,-29.057500000000076
471,471,62.74451390137567
472,472,-31.358400000000028
473,473,-21.317399999999992
474,474,11.929999999999959
475,475,-19.299999999999976
476,476,43.78026819949482
477,477,-11.610799999999529
478,478,66.89695416342013
479,479,50.42056271910664
480,480,66.07297788773063
481,481,-28.251200000000072
482,482,42.00599935575654
483,483,42.37799990284089
484,484,-34.897000000000055
485,485,54.055820804512436
486,486,38.46579985898767
487,487,52.19338642615999
488,488,-19.81910000000008
489,489,-18.714400000000083
490,490,-27.02800000000006
491,491,-30.629400000000075
492,492,60.12023584371313
493,493,40.44635096706495
494,494,-19.59999999999998
495,495,65.93868096690991
496,496,-7.509200000000526
497,497,56.98836617489802
498,498,29.546077994600346
499,499,34.299112893566175
500,500,59.25703468847679
501,501,66.57352229148199
502,502,58.38407172278082
503,503,40.24232762383513
504,504,-41.391500000000015
505,505,-26.35190000000001
506,506,-37.689499999999995
507,507,50.823399850791795
508,508,60.197338666304056
509,509,61.62662926480276
510,510,51.88124677157602
511,511,-22.33469999999993
512,512,54.83103874460848
513,513,62.05466766202784
514,514,65.86297373092387
515,515,-19.199999999999974
516,516,60.31838555436777
517,517,-22.30000000000002
518,518,-19.531300000000012
519,519,-39.5601
520,520,-33.53920000000004
521,521,-20.930599999999984
522,522,48.53231278201804
523,523,-9.618899999999822
524,524,-23.400000000000034
525,525,49.22727298369399
526,526,-24.29330000000012
527,527,46.39576012780144
528,528,32.83036163612579
529,529,70.73687261490184
530,530,-23.400000000000034
531,531,61.396572977743155
532,532,54.94665390138088
533,533,53.65067206726369
534,534,-16.335100000000114
535,535,-35.191600000000015
536,536,46.1358791199989
537,537,65.1088536483516
538,538,62.47650902226121
539,539,-17.799999999999955
540,540,-26.529099999999985
541,541,-18.37220000000002
542,542,55.61070176542827
543,543,37.810577287322566
544,544,70.02783999990348
545,545,-32.067599999999985
546,546,-32.350599999999986
547,547,47.85211970941145
548,548,-18.599999999999966
549,549,-14.66569999999993
550,550,-18.599999999999966
551,551,43.79070382568304
552,552,59.11151667664134
553,553,-29.678100000000057
554,554,50.8460909329818
555,555,66.83891950895959
556,556,-35.84730000000001
557,557,-28.988900000000033
558,558,38.58538010580585
559,559,-19.299999999999976
560,560,40.132995337417896
561,561,56.91818325084648
562,562,-16.599999999999937
563,563,-32.472399999999965
564,564,43.27873644248189
565,565,42.965503974802246
566,566,48.09854686099178
567,567,55.93288966667596
568,568,-32.56550000000002
569,569,-40.0736
570,570,-33.02870000000001
571,571,58.17814122903569
572,572,54.48262423775735
573,573,52.0997217722242
574,574,57.04902004800379
575,575,38.2992724430449
576,576,38.72114539098708
577,577,33.84869241609313
578,578,-25.900000000000034
579,579,57.342715377965106
580,580,-16.5742999999999
581,581,-38.45219999999999
582,582,59.281941180887856
583,583,-20.769000000000034
584,584,54.61458875626359
585,585,52.95903065076315
586,586,38.733718067589834
587,587,57.88094188533096
588,588,54.791978501541635
589,589,-18.05760000000008
590,590,-25.077099999999973
591,591,54.03379640570839
592,592,45.81396630295957
593,593,69.9942220060424
594,594,44.54706839682184
595,595,51.89334024344154
596,596,45.110006662693195
597,597,-32.39389999999995
598,598,-39.50119999999999
599,599,47.49358582806829
600,600,57.330870115398646
601,601,-16.709199999999925
602,602,-39.372000000000014
603,603,55.725575374553
604,604,64.60577609989224
605,605,50.620785951659514
606,606,-34.610000000000014
607,607,59.02489358557462
608,608,-19.173899999999936
609,609,-37.02220000000003
610,610,-36.64380000000001
611,611,66.10455162696519
612,612,66.17557210970219
613,613,41.443329584231584
614,614,-12.799999999999883
615,615,-30.063599999999983
616,616,-28.6708
617,617,57.982402726712095
618,618,-27.336899999999986
619,619,60.154884949856914
620,620,-22.100000000000016
621,621,43.390363189788275
622,622,52.62381415597416
623,623,50.19356195306884
624,624,53.7392120944464
625,625,41.73698521036206
626,626,48.99803583214511
627,627,-41.37620000000001
628,628,-20.796700000000012
629,629,55.904795339977454
630,630,66.178492699036
631,631,-37.2875
632,632,-35.108800000000045
633,633,-15.978699999999858
634,634,55.36624181789033
635,635,-38.99899999999999
636,636,57.21372461330956
637,637,54.33031855041039
638,638,-9.804399999999767
639,639,-19.674299999999977
640,640,70.21653840277463
641,641,44.71392755860322
642,642,-12.899999999999885
643,643,39.464047434566254
644,644,60.63186124975574
645,645,-12.496099999999938
646,646,-40.327
647,647,40.79901177773933
648,648,-29.523099999999918
649,649,-26.60000000000003
650,650,-13.311899999999884
651,651,-26.90000000000003
652,652,52.87466138404618
653,653,-23.50200000000018
654,654,60.81267220617879
655,655,32.70226708369799
656,656,30.703422914568698
657,657,47.54947730078851
658,658,53.94585323485395
659,659,-24.80000000000004
660,660,51.775694880544236
661,661,57.81106163166105
662,662,-33.08070000000001
663,663,-21.603200000000008
664,664,43.05435029723502
665,665,-39.992300000000014
666,666,-28.260500000000086
667,667,60.623480466604136
668,668,51.62975441060106
669,669,-17.05699999999981
670,670,-25.213600000000348
671,671,-22.73820000000003
672,672,44.49598681590215
673,673,67.62433899303602
674,674,63.50306267726595
675,675,42.681195234739306
676,676,-10.25829999999991
677,677,55.94285626111031
678,678,54.5773279149637
679,679,-32.04480000000003
680,680,40.028338320952756
681,681,44.80266046610605
682,682,58.01392723835185
683,683,42.966706623128545
684,684,56.49501036730958
685,685,-24.684000000000268
686,686,-34.67910000000002
687,687,30.14177717419062
688,688,-16.054699999999933
689,689,-18.950200000000017
690,690,62.83679057458736
691,691,55.0863116749959
692,692,-19.59999999999998
693,693,-31.719799999999967
694,694,-9.001699999999925
695,695,54.786217480291924
696,696,53.200301852938594
697,697,71.35783456344151
698,698,-31.74069999999999
699,699,-19.59999999999998
700,700,-35.14529999999998
701,701,-12.948199999999968
702,702,-14.33499999999993
703,703,-37.27910000000001
704,704,50.8665638505633
705,705,29.760358847661365
706,706,49.57083005066457
707,707,-28.09950000000001
708,708,-28.796900000000008
709,709,56.950420374314604
710,710,51.833245426203334
711,711,40.53624219954732
712,712,56.561130615482355
713,713,49.542097738112574
714,714,40.682137790142264
715,715,-37.95349999999999
716,716,44.90950422150259
717,717,57.80855822178242
718,718,63.53661457661586
719,719,55.95847792783474
720,720,-21.47640000000017
721,721,65.55464874897018
722,722,-34.49080000000003
723,723,62.27241812558239
724,724,-27.05110000000004
725,725,45.45742059064249
726,726,-15.06579999999991
727,727,57.87771087566689
728,728,39.915074820172315
729,729,40.93590560356732
730,730,-33.307100000000005
731,731,40.972097612806
732,732,68.56781667686826
733,733,44.63630772719684
734,734,-11.275299999999309
735,735,49.04693515496456
736,736,66.910295367658
737,737,-32.590300000000035
738,738,-26.568500000000043
739,739,66.56467261856203
740,740,37.6982497688701
741,741,62.23166452467906
742,742,-21.15650000000005
743,743,51.92219667165891
744,744,44.83036951331574
745,745,42.40459512173886
746,746,63.55329756761777
747,747,63.48339900067184
748,748,58.40983410165701
749,749,46.90102152890656
750,750,-23.500000000000036
751,751,-38.09120000000001
752,752,39.42946783192288
753,753,-38.29080000000002
754,754,36.647497136920705
755,755,61.981527539405995
756,756,-9.588499999999943
757,757,-7.324499999999766
758,758,32.78228050769323
759,759,60.37179095555847
760,760,-9.570799999999835
761,761,-8.479299999999576
762,762,-30.776399999999995
763,763,55.61373542184389
764,764,66.20969406046792
765,765,63.986793312305636
766,766,47.199476372285986
767,767,-8.353199999999845
768,768,-27.2649
769,769,51.605217541832026
770,770,68.72067961668955
771,771,-32.73580000000002
772,772,38.579729640985164
773,773,63.89451475468337
774,774,51.33325542197596
775,775,-32.48170000000001
776,776,50.81710700941822
777,777,-26.408500000000068
778,778,67.72724539099902
779,779,-29.714699999999986
780,780,48.14546815947236
781,781,65.64700011135375
782,782,60.33056035547253
783,783,-25.587100000000035
784,784,-13.17629999999981
785,785,57.57671767458822
786,786,-32.6848
787,787,-28.3201
788,788,-41.246500000000005
789,789,63.91987880226596
790,790,-6.835399999999943
791,791,64.05521463412481
792,792,-15.033899999999967
793,793,54.6316506737004
794,794,63.05896347417277
795,795,48.096844023253176
796,796,43.17015982208153
797,797,-13.162900000000011
798,798,-41.406199999999984
799,799,54.44829646804865
800,800,55.73766755084397
801,801,-23.500000000000036
802,802,-27.69650000000003
803,803,-7.825499999999792
804,804,62.143266917096746
805,805,-24.233600000000045
806,806,62.05631402097047
807,807,-25.38600000000004
808,808,-36.26200000000005
809,809,-34.85209999999999
810,810,31.46681527549332
811,811,39.29712895845933
812,812,39.099515266788174
813,813,68.41146807502548
814,814,41.693172192518794
815,815,43.465418378379205
816,816,40.46258470255321
817,817,54.15783613423594
818,818,-28.729599999999966
819,819,-17.326400000000035
820,820,-20.918900000000303
821,821,49.944475234540135
822,822,58.05465526835108
823,823,41.63248943685032
824,824,-7.799499999999782
825,825,-30.910999999999987
826,826,46.930843665727004
827,827,-40.4709
828,828,69.88672357667345
829,829,-37.13379999999999
830,830,-28.35150000000005
831,831,50.99017810613242
832,832,37.22460871738538
833,833,-32.048300000000076
834,834,68.4616287728002
835,835,-17.799999999999955
836,836,48.74498742389003
837,837,-38.159
838,838,-20.392999999999965
839,839,44.23664050460512
840,840,-21.477900000000087
841,841,49.9916009527479
842,842,38.86400699944688
843,843,63.05597860174888
844,844,-30.52519999999997
845,845,-24.50000000000004
846,846,66.76808777634089
847,847,53.806087911956034
848,848,69.95420372796178
849,849,-14.840899999999625
850,850,57.49418011865539
851,851,50.80833350707463
852,852,60.192699263192694
853,853,47.22696586163463
854,854,-36.52960000000001
855,855,29.890042780199714
856,856,-25.41179999999997
857,857,69.70978180938612
858,858,37.808702627922905
859,859,-24.000000000000043
860,860,54.82282700173826
861,861,-21.598199999999995
862,862,50.54015575799526
863,863,41.46533876292264
864,864,-12.112799999999872
865,865,-22.100000000000016
866,866,45.79569506177302
867,867,58.81587299079395
868,868,61.73286462826337
869,869,-34.7868
870,870,-17.71689999999992
871,871,47.462423143241736
872,872,41.24274994743248
873,873,-34.15270000000003
874,874,36.67505655608572
875,875,65.47363675605536
876,876,33.91842446570164
877,877,-12.299500000000048
878,878,45.42351991273851
879,879,70.30747116036441
880,880,60.019428772915965
881,881,-11.19999999999986
882,882,-37.960200000000015
883,883,61.5918879052112
884,884,40.58191295975079
885,885,55.49978096050393
886,886,46.827934257304776
887,887,-27.701400000000092
888,888,70.1963566302052
889,889,66.01105841289076
890,890,42.11228063708655
891,891,-36.890399999999985
892,892,-15.299999999999919
893,893,-14.799999999999912
894,894,54.71629488359673
895,895,-27.054099999999984
896,896,-25.700000000000035
897,897,-39.86840000000001
898,898,-36.55939999999999
899,899,-25.64179999999999
900,900,68.58802181416806
901,901,49.86407970072812
902,902,-14.73820000000002
903,903,-21.44999999999986
904,904,-22.91780000000015
905,905,-22.475699999999943
906,906,-13.891699999999684
907,907,70.193514536004
908,908,64.96484042146663
909,909,-25.20000000000004
910,910,46.569638457177525
911,911,-14.712000000000465
912,912,-38.77910000000002
913,913,63.672105023582425
914,914,43.90355958802043
915,915,-39.434099999999994
916,916,69.19122999997911
917,917,-14.157699999999956
918,918,41.47774539165277
919,919,61.22922272603658
920,920,-31.588400000000007
921,921,51.347381834563286
922,922,54.83606868854727
923,923,59.01907897081581
924,924,-17.299999999999947
925,925,68.14468930559258
926,926,46.2709401612461
927,927,55.26634610347931
928,928,59.8136351989654
929,929,43.56027134399464
930,930,46.710459755128255
931,931,51.860255661968836
932,932,-21.190999999999867
933,933,41.4443090236984
934,934,43.615365552601105
935,935,-25.20000000000004
936,936,70.14080512990803
937,937,-39.89130000000001
938,938,51.048480104993786
939,939,39.715806040187914
940,940,-39.333
941,941,-18.699999999999967
942,942,-19.632300000000292
943,943,62.37973005779077
944,944,59.83210415305591
945,945,-8.821099999999884
946,946,68.61695478521138
947,947,37.66043042223845
948,948,-21.666399999999914
949,949,38.081425675319025
950,950,60.592956349195745
951,951,-29.1011
952,952,51.16615757913292
953,953,64.67576354623803
954,954,58.2664952532278
955,955,-38.43539999999997
956,956,-18.598899999999986
957,957,-41.8255
958,958,70.49112960101951
959,959,40.3279553390603
960,960,-26.500000000000032
961,961,-37.321000000000005
962,962,-24.65579999999997
963,963,58.93982521209014
964,964,-23.500000000000036
965,965,-36.41000000000002
966,966,59.991304778684295
967,967,-14.599999999999909
968,968,45.585513686278944
969,969,-17.503900000000097
970,970,-32.74730000000007
971,971,57.58383912254411
972,972,-26.60000000000003
973,973,43.369914440188616
974,974,54.56997635346788
975,975,-37.13739999999996
976,976,57.41075725141617
977,977,49.97288588073852
978,978,-40.8274
979,979,66.01874581580861
980,980,-29.796200000000027
981,981,43.107348546506465
982,982,59.453145519039765
983,983,-27.672600000000045
984,984,70.2913347704534
985,985,46.43588962792437
986,986,-25.56410000000003
987,987,-37.12450000000001
988,988,49.08048098963826
989,989,-32.759300000000025
990,990,45.96041250108635
991,991,42.45619756261141
992,992,-17.484299999999948
993,993,-23.627699999999944
994,994,62.89979859035455
995,995,43.49361034229982
996,996,-23.10000000000003
997,997,48.68833368779943
998,998,41.12790264835785
999,999,56.10032359013868
1000,1000,-26.10120000000004
1001,1001,-38.57709999999999
1002,1002,62.50163909718413
1003,1003,-16.727899999999874
1004,1004,51.591925672709024
1005,1005,59.06759025779066
1006,1006,58.495321753053695
1007,1007,-38.56449999999999
1008,1008,54.362088524334936
1009,1009,55.450910516064724
1010,1010,54.3231768333354
1011,1011,58.897566252522026
1012,1012,57.58860879873649
1013,1013,-36.985699999999994
1014,1014,50.089721414822854
1015,1015,57.87555865407337
1016,1016,-20.216499999999986
1017,1017,-9.002699999999876
1018,1018,-33.848100000000024
1019,1019,39.29273987093399
1020,1020,47.6740889943442
1021,1021,32.944387504631756
1022,1022,-27.121099999999892
1023,1023,-25.300000000000036
1024,1024,44.39391983221533
1025,1025,-30.79699999999997
1026,1026,52.5303572655661
1027,1027,-33.06680000000002
1028,1028,65.21137797207186
1029,1029,-18.31219999999988
1030,1030,-30.986399999999954
1031,1031,66.90532902151068
1032,1032,44.67188679649536
1033,1033,44.32636202156971
1034,1034,65.67939690977968
1035,1035,67.4353950992423
1036,1036,59.4326911173941
1037,1037,-18.94089999999996
1038,1038,46.4362075613709
1039,1039,54.279967967535896
1040,1040,43.98983178825421
1041,1041,-26.716300000000047
1042,1042,60.73217414388638
1043,1043,55.851010814884404
1044,1044,49.012518055358925
1045,1045,71.13436883303025
1046,1046,-21.95179999999998
1047,1047,54.55172805128857
1048,1048,48.706523376439826
1049,1049,42.37516210591784
1050,1050,53.1928740555432
1051,1051,41.68492287761245
1052,1052,54.70144209252557
1053,1053,-35.48030000000005
1054,1054,48.863306157318036
1055,1055,40.84884784660555
1056,1056,-26.836799999999926
1057,1057,55.38851093570145
1058,1058,61.67022817468645
1059,1059,43.1693246476284
1060,1060,57.12989995206623
1061,1061,-26.555900000000058
1062,1062,47.43858703143025
1063,1063,34.35067877116311
1064,1064,40.108753516979
1065,1065,-41.02210000000001
1066,1066,55.40593568817476
1067,1067,57.6710707721718
1068,1068,-31.410999999999945
1069,1069,-37.78660000000003
1070,1070,47.11721855830846
1071,1071,43.920937268902094
1072,1072,-37.036
1073,1073,54.03595477819602
1074,1074,44.04447871662299
1075,1075,57.64887614828121
1076,1076,-34.17499999999999
1077,1077,-39.350100000000005
1078,1078,-26.63240000000004
1079,1079,68.5845731297916
1080,1080,54.04987198384044
1081,1081,-20.88600000000001
1082,1082,-17.899999999999956
1083,1083,-33.15630000000004
1084,1084,39.88909004599002
1085,1085,61.859676765902556
1086,1086,40.38659490335326
1087,1087,46.346253707815876
1088,1088,-30.90369999999993
1089,1089,56.320427262117875
1090,1090,59.55664201458106
1091,1091,-26.756000000000014
1092,1092,53.399052616229085
1093,1093,61.63221108060617
1094,1094,50.52836528740961
1095,1095,57.29275167031567
1096,1096,-23.600000000000037
1097,1097,-36.38690000000002
1098,1098,41.129130162739244
1099,1099,-26.529399999999963
1100,1100,54.41416256069662
1101,1101,-23.167000000000005
1102,1102,67.0527180731232
1103,1103,42.608899600922406
1104,1104,-20.832799999999857
1105,1105,-34.165
1106,1106,54.492300718046
1107,1107,64.23656122159463
1108,1108,40.92085363832022
1109,1109,-35.245200000000004
1110,1110,-21.488100000000106
1111,1111,70.20497735499711
1112,1112,39.08064790263875
1113,1113,49.71023476213339
1114,1114,56.610266720097016
1115,1115,49.68474652052622
1116,1116,67.3773775714821
1117,1117,-13.725999999999882
1118,1118,51.043886838994894
1119,1119,52.97278909320081
1120,1120,58.47634684351412
1121,1121,47.47789183476233
1122,1122,-14.81919999999965
1123,1123,46.78031155562041
1124,1124,56.50394351346489
1125,1125,-18.823999999999906
1126,1126,45.592125426817745
1127,1127,-32.34330000000003
1128,1128,-12.9313999999999
1129,1129,-32.46490000000003
1130,1130,-26.400000000000034
1131,1131,46.55517742932368
1132,1132,46.95707791089797
1133,1133,37.52236193659361
1134,1134,58.955306533933566
1135,1135,57.10200279788371
1136,1136,48.48007320875913
1137,1137,-20.791899999999902
1138,1138,-26.500000000000032
1139,1139,-23.77770000000042
1140,1140,48.903578813224684
1141,1141,-28.623100000000022
1142,1142,-31.787999999999872
1143,1143,-25.418100000000024
1144,1144,49.922802507421885
1145,1145,44.12739550443742
1146,1146,-23.612800000000046
1147,1147,66.4630889384076
1148,1148,-23.70000000000004
1149,1149,64.72461605964914
1150,1150,-8.697899999999272
1151,1151,-13.898900000000076
1152,1152,-32.35990000000004
1153,1153,56.37298835707662
1154,1154,36.53284803795881
1155,1155,43.41570501549981
1156,1156,-23.772800000000014
1157,1157,-14.69999999999991
1158,1158,62.40681233633571
1159,1159,54.59594771730182
1160,1160,57.32285020324143
1161,1161,70.1683644318575
1162,1162,60.26852267508066
1163,1163,40.77297234984384
1164,1164,-27.939200000000064
1165,1165,37.29431760817765
1166,1166,64.6364673794853
1167,1167,59.93929514592327
1168,1168,-25.000000000000036
1169,1169,51.3742263284872
1170,1170,46.590017717402276
1171,1171,-23.652100000000168
1172,1172,43.72122791375276
1173,1173,54.033977839323136
1174,1174,29.529567472446573
1175,1175,67.60058411908088
1176,1176,-35.300600000000045
1177,1177,-15.86609999999995
1178,1178,63.49477972298908
1179,1179,-23.28619999999997
1180,1180,-23.410899999999913
1181,1181,54.481586838638705
1182,1182,72.15836994293153
1183,1183,59.324243640361374
1184,1184,55.75996508792498
1185,1185,39.68409482653513
1186,1186,66.99028278144954
1187,1187,-26.800000000000033
1188,1188,31.171971477046977
1189,1189,-37.05259999999998
1190,1190,-30.073400000000028
1191,1191,43.4608724820264
1192,1192,-16.79999999999994
1193,1193,-34.68329999999998
1194,1194,43.383095188210675
1195,1195,39.987214681733356
1196,1196,-40.1591
1197,1197,52.971213711106266
1198,1198,-31.70229999999998
1199,1199,-22.958600000000054
1200,1200,53.83525134093065
1201,1201,-35.78120000000001
1202,1202,52.021692811892905
1203,1203,-28.274999999999924
1204,1204,-20.699999999999996
1205,1205,40.203406567895584
1206,1206,-20.388700000000224
1207,1207,44.460818182983445
1208,1208,59.17603028933843
1209,1209,40.99616637839483
1210,1210,60.9865415262818
1211,1211,-9.499999999999837
1212,1212,-25.927900000000015
1213,1213,-23.026800000000215
1214,1214,63.982352431445534
1215,1215,-26.60000000000003
1216,1216,50.81541846872527
1217,1217,-16.92519999999962
1218,1218,50.525871746276685
1219,1219,34.44845367449184
1220,1220,58.35581948848138
1221,1221,-12.342199999999991
1222,1222,62.10725273078755
1223,1223,54.80488864254148
1224,1224,-20.211400000000104
1225,1225,53.1337583350112
1226,1226,40.0217563211762
1227,1227,61.63208716582537
1228,1228,52.93827022834026
1229,1229,66.67341720822188
1230,1230,53.67021884323891
1231,1231,-25.000000000000036
1232,1232,-15.73889999999992
1233,1233,28.96481363587668
1234,1234,57.684372131380414
1235,1235,59.340702734637624
1236,1236,60.996743688324734
1237,1237,50.97524100925083
1238,1238,44.35542846768284
1239,1239,45.16642788173685
1240,1240,-25.300000000000036
1241,1241,41.99774790034905
1242,1242,39.190284720658354
1243,1243,65.48072461092727
1244,1244,50.04444365137913
1245,1245,-18.070699999999942
1246,1246,58.00668333308903
1247,1247,51.46872769495835
1248,1248,-35.107000000000006
1249,1249,-28.861100000000004
1250,1250,49.08623615158129
1251,1251,55.25384904228813
1252,1252,54.76121301073457
1253,1253,52.36110080314551
1254,1254,-12.49999999999988
1255,1255,50.91903164084969
1256,1256,-29.595100000000038
1257,1257,-35.560900000000025
1258,1258,-32.89190000000003
1259,1259,-17.526500000000066
1260,1260,-34.31840000000002
1261,1261,56.56788201150012
1262,1262,65.39139989774122
1263,1263,61.29252032050819
1264,1264,-35.18110000000003
1265,1265,-27.17719999999997
1266,1266,52.05936391261251
1267,1267,62.47277528641792
1268,1268,65.92657528240147
1269,1269,55.97448007591085
1270,1270,-23.232899999999855
1271,1271,43.26111339538534
1272,1272,69.13839485529255
1273,1273,-22.537600000000005
1274,1274,-37.15360000000004
1275,1275,59.22304806141554
1276,1276,49.88572510650491
1277,1277,-39.031999999999975
1278,1278,44.095549247688425
1279,1279,59.713565466356556
1280,1280,56.23866801520852
1281,1281,42.81312687312287
1282,1282,63.94072902637063
1283,1283,-20.754499999999833
1284,1284,-27.138500000000008
1285,1285,46.56976505466295
1286,1286,37.90448131221025
1287,1287,39.26921023415337
1288,1288,69.08436715258864
1289,1289,-24.86539999999983
1290,1290,-35.21710000000004
1291,1291,61.72622148645402
1292,1292,-23.400000000000034
1293,1293,-22.613700000000097
1294,1294,-39.747
1295,1295,-22.50000000000002
1296,1296,65.96863940158332
1297,1297,43.09440975304494
1298,1298,42.30694519075329
1299,1299,-40.0458
1300,1300,-23.300000000000033
1301,1301,48.19252081539643
1302,1302,49.65501660116141
1303,1303,62.35872016649132
1304,1304,-37.76049999999999
1305,1305,61.71890159130825
1306,1306,-14.622299999999846
1307,1307,-16.23129999999993
1308,1308,40.29903281252688
1309,1309,-36.722400000000015
1310,1310,55.328716827566815
1311,1311,-22.477899999999966
1312,1312,-27.65450000000008
1313,1313,-17.210099999999944
1314,1314,-39.259800000000006
1315,1315,58.09213510379266
1316,1316,-14.036699999999794
1317,1317,57.895655796753005
1318,1318,53.70704023966367
1319,1319,42.2725438655218
1320,1320,53.673068732696564
1321,1321,-23.358300000000046
1322,1322,-11.676599999999908
1323,1323,53.01756048841273
1324,1324,-22.486499999999953
1325,1325,-7.159599999999799
1326,1326,-14.719199999999866
1327,1327,-23.400000000000034
1328,1328,-35.842699999999994
1329,1329,-38.39609999999999
1330,1330,45.845848374843754
1331,1331,-21.80000000000001
1332,1332,43.41923317141843
1333,1333,-27.58380000000004
1334,1334,68.38995280740978
1335,1335,46.856009625922674
1336,1336,46.64930424912725
1337,1337,-38.4955
1338,1338,-19.884500000000035
1339,1339,-26.463599999999992
1340,1340,-38.29299999999999
1341,1341,43.298016310206094
1342,1342,48.715657550912056
1343,1343,-18.194699999999738
1344,1344,-23.445299999999538
1345,1345,-24.80000000000004
1346,1346,-26.24320000000003
1347,1347,-33.135099999999944
1348,1348,44.275883214286175
1349,1349,62.40651844027828
1350,1350,-21.82190000000011
1351,1351,55.11694298826838
1352,1352,40.034893604852755
1353,1353,65.86269769254733
1354,1354,-37.0289
1355,1355,57.17690521765894
1356,1356,-13.244799999999852
1357,1357,44.385537356707765
1358,1358,-37.6552
1359,1359,-21.82050000000017
1360,1360,-15.03140000000002
1361,1361,-20.63900000000001
1362,1362,63.75657932216226
1363,1363,58.19755544497876
1364,1364,-37.50919999999999
1365,1365,65.67937766188727
1366,1366,32.95957163247007
1367,1367,-31.135399999999983
1368,1368,42.74236204678058
1369,1369,35.863844472362125
1370,1370,-11.396499999999861
1371,1371,63.66524318179958
1372,1372,-22.116799999999976
1373,1373,-21.500000000000007
1374,1374,-28.293700000000015
1375,1375,51.44207911210298
1376,1376,-8.212999999999713
1377,1377,66.7095018542682
1378,1378,60.22094532418754
1379,1379,56.245354467469646
1380,1380,40.19447122448447
1381,1381,63.67864564740167
1382,1382,-22.304599999999944
1383,1383,-25.346399999999996
1384,1384,57.36561039631536
1385,1385,-19.399999999999977
1386,1386,64.05764778626542
1387,1387,-37.63750000000002
1388,1388,47.741320541042725
1389,1389,55.490999506049384
1390,1390,-25.100000000000037
1391,1391,-24.01310000000001
1392,1392,64.13068325634424
1393,1393,52.05289027485499
1394,1394,-38.48169999999998
1395,1395,59.3494709311486
1396,1396,41.928447750262926
1397,1397,56.85266012263456
1398,1398,60.03113589846943
1399,1399,-27.64980000000003
1400,1400,-10.029699999999846
1401,1401,70.45557885393009
1402,1402,-24.10410000000029
1403,1403,-32.55240000000002
1404,1404,30.593488820604616
1405,1405,50.404100262544304
1406,1406,45.41873582773711
1407,1407,-23.073900000000048
1408,1408,-23.182300000000136
1409,1409,55.67026126596211
1410,1410,38.126101942720524
1411,1411,69.72093447425848
1412,1412,-17.099999999999945
1413,1413,70.95363674693547
1414,1414,-24.900000000000038
1415,1415,-17.081699999999987
1416,1416,-19.416399999999967
1417,1417,-37.93910000000003
1418,1418,66.28799387321786
1419,1419,-28.048999999999822
1420,1420,-26.16149999999998
1421,1421,49.680569614624545
1422,1422,51.29461941234126
1423,1423,-9.651199999999832
1424,1424,50.012921350265955
1425,1425,-28.80660000000001
1426,1426,57.386595154501876
1427,1427,-7.6648999999998395
1428,1428,56.59000889804115
1429,1429,48.457188887197425
1430,1430,55.247132594227665
1431,1431,57.953670610710304
1432,1432,52.74852050985979
1433,1433,-24.20000000000004
1434,1434,40.149641467317714
1435,1435,11.099999999999962
1436,1436,-22.600000000000023
1437,1437,46.4902003563746
1438,1438,51.49753483672957
1439,1439,42.84248158930976
1440,1440,66.883890852735
1441,1441,-25.808000000000007
1442,1442,54.182343749051036
1443,1443,52.954816200137145
1444,1444,51.29132243891304
1445,1445,58.96170116790998
1446,1446,61.076674785834996
1447,1447,-17.42419999999995
1448,1448,41.070657347859694
1449,1449,39.296598611487795
1450,1450,52.137579303084735
1451,1451,47.58260368514483
1452,1452,53.97167965175423
1453,1453,-38.66050000000002
1454,1454,46.03176592538402
1455,1455,54.816474336237526
1456,1456,-32.13150000000014
1457,1457,48.93922128451954
1458,1458,-30.097600000000053
1459,1459,-21.759699999999988
1460,1460,45.71122928371817
1461,1461,64.5253088150643
1462,1462,-24.56420000000005
1463,1463,-27.895599999999988
1464,1464,40.52843850705496
1465,1465,-40.5519
1466,1466,50.57181795168501
1467,1467,52.300931789473296
1468,1468,-34.392299999999985
1469,1469,-26.105000000000096
1470,1470,37.979509818969
1471,1471,38.47848737736533
1472,1472,-24.190500000000014
1473,1473,-20.44010000000018
1474,1474,44.33840737344176
1475,1475,49.50953539843535
1476,1476,-20.75059999999992
1477,1477,-34.927799999999976
1478,1478,-19.430100000000376
1479,1479,-39.8696
1480,1480,50.73551533192134
1481,1481,-27.081099999999992
1482,1482,60.63876690053115
1483,1483,-31.82679999999996
1484,1484,41.76894589148165
1485,1485,60.642763950918095
1486,1486,-36.840500000000006
1487,1487,47.442790495586955
1488,1488,58.30842318855096
1489,1489,-10.82419999999982
1490,1490,-24.604300000000176
1491,1491,-35.42760000000001
1492,1492,71.9372075900509
1493,1493,54.37172102995878
1494,1494,43.7514002894464
1495,1495,46.72562940038378
1496,1496,51.98489097892899
1497,1497,40.73038046599891
1498,1498,39.39189778143561
1499,1499,47.193544879603635
1500,1500,44.14663281530403
1501,1501,36.24520264076138
1502,1502,50.395131817899184
1503,1503,39.84007584458365
1504,1504,53.90825287125423
1505,1505,-15.858000000000061
1506,1506,-25.600000000000037
1507,1507,55.67776834498892
1508,1508,57.74338683576126
1509,1509,-36.812900000000006
1510,1510,53.486325097006386
1511,1511,-23.505099999999924
1512,1512,-24.502000000000066
1513,1513,-30.80520000000002
1514,1514,28.082534002998717
1515,1515,52.815814683927044
1516,1516,55.20735961388896
1517,1517,38.80357973834634
1518,1518,-14.799999999999912
1519,1519,-13.476399999999984
1520,1520,48.51241271232369
1521,1521,53.17541040776779
1522,1522,-20.61439999999999
1523,1523,59.42632523035372
1524,1524,64.33528063422898
1525,1525,49.179376948341016
1526,1526,57.187484358491524
1527,1527,62.40658356542579
1528,1528,47.60353313238717
1529,1529,40.754100343648744
1530,1530,64.8342706436823
1531,1531,71.64507240265344
1532,1532,37.96036171865085
1533,1533,44.27254978176691
1534,1534,54.877117680179666
1535,1535,-20.581099999999985
1536,1536,47.57592343657713
1537,1537,53.97971457531398
1538,1538,47.273068138249286
1539,1539,44.10159591627721
1540,1540,-8.64290000000014
1541,1541,44.98099999806599
1542,1542,-19.385799999999726
1543,1543,29.99916936367505
1544,1544,33.09190324000571
1545,1545,54.61321558616458
1546,1546,-36.61390000000004
1547,1547,57.020188545619
1548,1548,55.781220885385906
1549,1549,68.38638646590886
1550,1550,64.57214653741613
1551,1551,-25.262899999999973
1552,1552,60.372009159156434
1553,1553,66.99779855739786
1554,1554,40.01642345414048
1555,1555,-37.90989999999998
1556,1556,-36.21069999999999
1557,1557,-9.923599999999787
1558,1558,-16.104599999999873
1559,1559,53.780045309497964
1560,1560,57.28686742485698
1561,1561,38.433233037855736
1562,1562,-26.000000000000036
1563,1563,-33.67540000000002
1564,1564,-24.50000000000004
1565,1565,47.046489795950905
1566,1566,-35.119100000000024
1567,1567,-8.56929999999996
1568,1568,-19.496799999999965
1569,1569,-17.39999999999995
1570,1570,-24.000000000000043
1571,1571,51.95935752858282
1572,1572,-12.379099999999823
1573,1573,-23.705500000000153
1574,1574,53.962138475169354
1575,1575,-16.20199999999993
1576,1576,46.647247447172
1577,1577,-25.204400000000028
1578,1578,-29.644400000000033
1579,1579,44.91051532942679
1580,1580,-28.307799999999986
1581,1581,46.62205749240081
1582,1582,45.07749128246806
1583,1583,69.25111747778007
1584,1584,54.17939763408725
1585,1585,-31.26500000000003
1586,1586,51.008925426548
1587,1587,-21.93800000000006
1588,1588,52.073936171916124
1589,1589,52.200182876493
1590,1590,-10.674199999999828
1591,1591,69.99265691756635
1592,1592,-7.789599999999972
1593,1593,-18.7944999999999
1594,1594,-35.09220000000001
1595,1595,51.19969003908955
1596,1596,43.4430563299629
1597,1597,-12.349599999999747
1598,1598,54.65235536857033
1599,1599,34.014496369262446
1600,1600,10.999999999999963
1601,1601,48.716468565818055
1602,1602,-17.791999999999575
1603,1603,-10.533999999999772
1604,1604,-35.49860000000006
1605,1605,-11.174799999999873
1606,1606,58.71018288119148
1607,1607,-18.79999999999997
1608,1608,50.84709474492973
1609,1609,-23.84480000000005
1610,1610,53.012121155797146
1611,1611,52.86475155973452
1612,1612,65.28156145522216
1613,1613,51.599754281215624
1614,1614,71.48077106037663
1615,1615,-23.33540000000006
1616,1616,42.09377707455825
1617,1617,47.809054385153146
1618,1618,60.94188812827188
1619,1619,39.73104190213618
1620,1620,36.12892863888205
1621,1621,-36.174600000000034
1622,1622,43.80706956450794
1623,1623,-35.59190000000004
1624,1624,-34.60299999999998
1625,1625,66.44322902221427
1626,1626,-13.851899999999898
1627,1627,65.79319256284852
1628,1628,39.85304200440706
1629,1629,57.33393066551024
1630,1630,39.33511474509233
1631,1631,60.0976157160117
1632,1632,53.135926359637104
1633,1633,54.10404443148591
1634,1634,53.80106634305719
1635,1635,63.11715445916232
1636,1636,56.9242664105456
1637,1637,58.96653588622197
1638,1638,47.89494685252505
1639,1639,48.49152894243871
1640,1640,54.17102088842666
1641,1641,-29.928000000000015
1642,1642,70.87087825861256
1643,1643,-31.000999999999905
1644,1644,-28.682899999999897
1645,1645,59.70647075121578
1646,1646,47.78638956248075
1647,1647,-16.652799999999864
1648,1648,70.61501788009902
1649,1649,-24.059400000000075
1650,1650,69.57639617832906
1651,1651,60.21356436081305
1652,1652,-33.33390000000003
1653,1653,-9.201499999999829
1654,1654,-37.68169999999999
1655,1655,-26.300000000000033
1656,1656,-28.434599999999953
1657,1657,54.05226513872597
1658,1658,40.735407017914795
1659,1659,-9.048699999999773
1660,1660,47.86792577733448
1661,1661,-38.61160000000002
1662,1662,45.79428414621154
1663,1663,49.23651825994989
1664,1664,-25.837200000000138
1665,1665,-23.802400000000034
1666,1666,56.26768551046062
1667,1667,-29.243399999999962
1668,1668,40.193997263359414
1669,1669,47.500192363999034
1670,1670,48.42689351007385
1671,1671,-38.73979999999998
1672,1672,-35.702900000000014
1673,1673,40.96417382290294
1674,1674,55.04410392545141
1675,1675,-36.8966
1676,1676,-25.26930000000003
1677,1677,-16.264899999999965
1678,1678,46.21610059011198
1679,1679,55.060846615250796
1680,1680,-14.472799999999996
1681,1681,37.342609771705
1682,1682,60.264268638218866
1683,1683,-40.89
1684,1684,62.625690667060866
1685,1685,40.00774626434791
1686,1686,-10.851399999999892
1687,1687,50.049890916657255
1688,1688,48.326084671610815
1689,1689,-31.738800000000076
1690,1690,28.490694304629667
1691,1691,51.92534622258946
1692,1692,48.00299659509077
1693,1693,-35.149100000000026
1694,1694,37.2344047705062
1695,1695,56.066792663047515
1696,1696,56.54449567855733
1697,1697,-38.45040000000002
1698,1698,-25.497600000000034
1699,1699,-19.49999999999998
1700,1700,50.71045961611336
1701,1701,53.6454728076499
1702,1702,-41.00240000000001
1703,1703,48.0967013801653
1704,1704,40.76565241688431
1705,1705,47.4117735721609
1706,1706,50.24504395657147
1707,1707,42.95229987117729
1708,1708,54.24883413756406
1709,1709,46.46432784915671
1710,1710,53.25292807059277
1711,1711,-20.074300000000193
1712,1712,45.84375411302443
1713,1713,-8.309799999999523
1714,1714,40.227876613342296
1715,1715,-16.817499999999935
1716,1716,41.42322062496001
1717,1717,45.57539747167212
1718,1718,54.74361477784372
1719,1719,42.17211061139791
1720,1720,48.246270721698124
1721,1721,55.62154659957429
1722,1722,-28.317200000000014
1723,1723,-17.76839999999992
1724,1724,-23.05289999999994
1725,1725,-21.60000000000001
1726,1726,-20.05740000000022
1727,1727,55.73420484062737
1728,1728,-33.014399999999995
1729,1729,-31.620499999999986
1730,1730,-21.400000000000006
1731,1731,45.28515652728431
1732,1732,71.18394172628865
1733,1733,-22.700000000000024
1734,1734,39.55277181089362
1735,1735,39.384849108626895
1736,1736,-20.32549999999988
1737,1737,-37.36589999999999
1738,1738,-16.27549999999994
1739,1739,61.151369906269935
1740,1740,-35.77640000000002
1741,1741,48.28740039588028
1742,1742,39.93970991554799
1743,1743,47.56800075821914
1744,1744,38.471632906653376
1745,1745,38.05532251170869
1746,1746,37.51702642946413
1747,1747,58.83426261421861
1748,1748,-37.9979
1749,1749,35.415471686149814
1750,1750,-10.70289999999979
1751,1751,-24.32570000000005
1752,1752,-16.492999999999896
1753,1753,-30.79490000000002
1754,1754,53.41391933893231
1755,1755,48.29821419352619
1756,1756,55.038179897238344
1757,1757,69.73713231442744
1758,1758,51.689264868079725
1759,1759,40.504681250978116
1760,1760,47.87134736581551
1761,1761,61.21641669725687
1762,1762,-36.66930000000004
1763,1763,59.66210310714587
1764,1764,60.83839102221599
1765,1765,46.33556091760906
1766,1766,60.281815332371465
1767,1767,40.648739235581324
1768,1768,39.39391882076548
1769,1769,-10.323499999999878
1770,1770,28.83578830131857
1771,1771,41.485286003089804
1772,1772,48.264917665855506
1773,1773,69.35464958414873
1774,1774,42.488643849468005
1775,1775,-24.600000000000037
1776,1776,-19.45510000000022
1777,1777,51.970719377602286
1778,1778,62.617879805709585
1779,1779,41.85336157706341
1780,1780,55.74278232694634
1781,1781,49.099228101009814
1782,1782,-27.564899999999987
1783,1783,-22.034900000000384
1784,1784,-31.010899999999992
1785,1785,43.32958668536166
1786,1786,66.54242511188315
1787,1787,45.06058786033138
1788,1788,-23.174800000000015
1789,1789,55.12786847905991
1790,1790,-29.482200000000063
1791,1791,-30.492700000000013
1792,1792,55.85537402198965
1793,1793,-12.346499999999981
1794,1794,40.87912586917718
1795,1795,42.9635659158291
1796,1796,-26.64590000000004
1797,1797,-7.2441999999998785
1798,1798,-20.43829999999996
1799,1799,-33.86340000000001
1800,1800,-25.300000000000036
1801,1801,61.57923918698653
1802,1802,-11.583899999999947
1803,1803,44.40042332426525
1804,1804,59.515400771816076
1805,1805,45.43718453471657
1806,1806,-39.657999999999994
1807,1807,-19.999999999999986
1808,1808,-14.192699999999686
1809,1809,-34.52710000000002
1810,1810,43.34076356086903
1811,1811,-22.802200000000155
1812,1812,-13.919199999999893
1813,1813,-8.968699999999878
1814,1814,53.64331103781497
1815,1815,47.66724914043719
1816,1816,43.1043554919058
1817,1817,49.936122521191535
1818,1818,-37.943100000000015
1819,1819,-7.005299999999792
1820,1820,38.47617120868072
1821,1821,47.371280309935486
1822,1822,-27.65760000000008
1823,1823,67.67319323868395
1824,1824,-33.55329999999999
1825,1825,65.37298444621891
1826,1826,51.615489741430416
1827,1827,51.237255125114835
1828,1828,62.30135178702716
1829,1829,-34.768299999999975
1830,1830,-20.499999999999993
1831,1831,59.00508034199801
1832,1832,-28.938899999999972
1833,1833,-36.17170000000001
1834,1834,-33.446800000000025
1835,1835,57.200542304134146
1836,1836,70.67689898211277
1837,1837,53.074074395294915
1838,1838,67.91974842795364
1839,1839,57.252560587087146
1840,1840,48.07675773682763
1841,1841,64.6281922538343
1842,1842,66.62541193672095
1843,1843,55.225063704445276
1844,1844,50.20811090429001
1845,1845,-17.199999999999946
1846,1846,-36.33780000000002
1847,1847,58.886658394475454
1848,1848,53.89538751468566
1849,1849,45.00986052608043
1850,1850,-25.231000000000066
1851,1851,52.099987583657516
1852,1852,-23.500000000000036
1853,1853,-12.769899999999755
1854,1854,48.084838215879024
1855,1855,-26.63079999999997
1856,1856,60.44266129439789
1857,1857,51.31861632466259
1858,1858,49.23043865724047
1859,1859,-36.70459999999998
1860,1860,54.9832648658249
1861,1861,52.67833410231813
1862,1862,-29.189600000000013
1863,1863,-11.40909999999987
1864,1864,63.95608875807366
1865,1865,46.89428965554109
1866,1866,72.27428491800887
1867,1867,-19.799999999999983
1868,1868,29.65749584247026
1869,1869,-38.527299999999975
1870,1870,-27.5066
1871,1871,65.35281296858982
1872,1872,-20.863300000000176
1873,1873,53.241080092165085
1874,1874,43.888556763514735
1875,1875,-28.638799999999996
1876,1876,-29.53200000000003
1877,1877,-25.617500000000046
1878,1878,52.195955051346864
1879,1879,-27.46880000000001
1880,1880,54.029906466814296
1881,1881,-21.263899999999893
1882,1882,67.84827001293468
1883,1883,-34.15100000000004
1884,1884,68.33170994531217
1885,1885,-6.241499999999796
1886,1886,64.18650461290143
1887,1887,55.81585565656602
1888,1888,-23.90000000000004
1889,1889,-34.84000000000002
1890,1890,38.02042886851216
1891,1891,-20.099999999999987
1892,1892,40.023502950309854
1893,1893,-33.03510000000001
1894,1894,47.828067758965894
1895,1895,43.89634720139579
1896,1896,40.53180037549574
1897,1897,46.66036205670579
1898,1898,-22.19530000000001
1899,1899,-34.20760000000005
1900,1900,43.60849846356368
1901,1901,54.61085463807115
1902,1902,-16.07979999999978
1903,1903,-25.28690000000001
1904,1904,55.73614220826895
1905,1905,-37.99810000000001
1906,1906,-26.70000000000003
1907,1907,68.40563316130506
1908,1908,54.43331695773759
1909,1909,48.97659926275577
1910,1910,50.77876384660479
1911,1911,46.58189991213644
1912,1912,38.119172741094836
1913,1913,-14.702499999999912
1914,1914,52.51904366223137
1915,1915,41.71531641255616
1916,1916,-23.07239999999986
1917,1917,41.1838504520325
1918,1918,-33.60190000000003
1919,1919,46.44487471879884
1920,1920,39.38436180617124
1921,1921,-35.408500000000046
1922,1922,60.80587866453476
1923,1923,54.91358492755114
1924,1924,38.09200904261113
1925,1925,-26.20000000000003
1926,1926,69.45568622545032
1927,1927,40.68425796928621
1928,1928,-33.257900000000056
1929,1929,65.06975295311989
1930,1930,61.80282311799024
1931,1931,56.24330584777424
1932,1932,-25.078200000000056
1933,1933,39.539889224302705
1934,1934,-21.458999999999165
1935,1935,61.23427312605047
1936,1936,47.19031584301122
1937,1937,44.91425709347979
1938,1938,-12.090599999999547
1939,1939,-40.4649
1940,1940,58.665039624860746
1941,1941,45.07370760621105
1942,1942,51.10873931324639
1943,1943,-28.775200000000012
1944,1944,-40.0303
1945,1945,49.96649160157105
1946,1946,-39.49590000000001
1947,1947,46.127786092076995
1948,1948,69.65033519233805
1949,1949,28.07514321809848
1950,1950,52.0027173916202
1951,1951,-15.645300000000152
1952,1952,-37.588400000000014
1953,1953,61.93650901643534
1954,1954,-16.79999999999994
1955,1955,-22.29729999999977
1956,1956,44.58695539946625
1957,1957,-32.081600000000044
1958,1958,-26.000000000000036
1959,1959,47.964500553606364
1960,1960,-20.599999999999994
1961,1961,-38.636399999999995
1962,1962,-16.299999999999933
1963,1963,47.26811953980682
1964,1964,65.8125948030061
1965,1965,55.72176682946224
1966,1966,-25.648900000000097
1967,1967,-23.20000000000003
1968,1968,44.3078908192638
1969,1969,66.29082052636302
1970,1970,39.71059471269204
1971,1971,-17.336799999999936
1972,1972,-26.90000000000003
1973,1973,62.7848720723138
1974,1974,-28.10170000000003
1975,1975,38.652072126799474
1976,1976,44.14320443537528
1977,1977,-31.20970000000004
1978,1978,-10.429499999999859
1979,1979,-29.152899999999946
1980,1980,54.62737191307998
1981,1981,-17.25829999999948
1982,1982,-33.36030000000003
1983,1983,43.97084127859727
1984,1984,-20.660200000000003
1985,1985,61.534816881413875
1986,1986,-38.041399999999996
1987,1987,46.77138840434683
1988,1988,-27.380200000000052
1989,1989,40.39769371830016
1990,1990,58.821357946331815
1991,1991,59.15040174872243
1992,1992,-7.457399999999808
1993,1993,61.445690642738406
1994,1994,60.05157440161354
1995,1995,43.58979661820799
1996,1996,55.547527412890936
1997,1997,61.2504203988864
1998,1998,-11.371699999999954
1999,1999,48.95387294228286
2000,2000,-27.370200000000036
2001,2001,-32.76339999999991
2002,2002,50.6206921633127
2003,2003,59.41305716812279
2004,2004,57.24975020899845
2005,2005,-14.597099999999948
2006,2006,44.014435617863356
2007,2007,63.689085483093464
2008,2008,-37.35549999999999
2009,2009,-31.488300000000365
2010,2010,45.783435166432724
2011,2011,-25.420500000000004
2012,2012,-31.596900000000083
2013,2013,45.53638160624922
2014,2014,59.72374586260369
2015,2015,-34.881500000000045
2016,2016,-23.30530000000029
2017,2017,41.8171301563879
2018,2018,64.04174823315677
2019,2019,46.0157407540131
2020,2020,60.628860584393806
2021,2021,-28.750700000000002
2022,2022,-19.782500000000113
2023,2023,33.2312132632811
2024,2024,67.32207898721796
2025,2025,58.37437465178998
2026,2026,-24.000000000000043
2027,2027,44.398147628080125
2028,2028,63.948889497874134
2029,2029,-10.084900000000186
2030,2030,-37.549700000000016
2031,2031,54.8391831333304
2032,2032,69.86528101521932
2033,2033,44.208470907448856
2034,2034,57.911745034719786
2035,2035,45.07367521892453
2036,2036,60.08605759968026
2037,2037,42.707304767226766
2038,2038,43.78426522612962
2039,2039,53.27989664376217
2040,2040,-28.339999999999996
2041,2041,30.292347435196174
2042,2042,48.828953514900405
2043,2043,-38.712599999999995
2044,2044,41.146162498247705
2045,2045,41.38951219454113
2046,2046,48.11236126370778
2047,2047,-30.70940000000003
2048,2048,57.265196203080976
2049,2049,30.005783892218297
2050,2050,-31.418199999999963
2051,2051,44.33880479003336
2052,2052,-18.29999999999996
2053,2053,40.35213456743188
2054,2054,-27.568000000000023
2055,2055,58.60688336921978
2056,2056,-17.81869999999991
2057,2057,-34.14720000000004
2058,2058,41.20399455656891
2059,2059,40.349549054466465
2060,2060,-15.317599999999906
2061,2061,-24.464800000000075
2062,2062,-26.57210000000002
2063,2063,-16.511199999999867
2064,2064,-22.30000000000002
2065,2065,-18.020699999999973
2066,2066,42.77437442739205
2067,2067,49.08120172169546
2068,2068,-26.800000000000033
2069,2069,44.347978335462415
2070,2070,-16.859799999999836
2071,2071,54.367622422532854
2072,2072,58.43197522063568
2073,2073,64.45438004943198
2074,2074,-38.99059999999999
2075,2075,54.13268459527066
2076,2076,52.205836717405234
2077,2077,-13.711999999999634
2078,2078,-34.67069999999993
2079,2079,-36.9232
2080,2080,56.45205839607051
2081,2081,-30.82769999999995
2082,2082,59.4702174298304
2083,2083,55.23439696654574
2084,2084,-23.477800000000574
2085,2085,-30.284300000000037
2086,2086,-30.94850000000006
2087,2087,40.75946903463624
2088,2088,-18.550599999999854
2089,2089,47.15963698971433
2090,2090,41.90279331324432
2091,2091,56.987982497334
2092,2092,34.65141800132384
2093,2093,-32.60530000000004
2094,2094,73.28007112452188
2095,2095,58.581706839980974
2096,2096,55.58145610213718
2097,2097,50.498762473757175
2098,2098,60.956250555718086
2099,2099,-35.4308
2100,2100,-23.035100000000053
2101,2101,-10.66429999999983
2102,2102,-22.40000000000002
2103,2103,-12.21239999999979
2104,2104,54.2452358495203
2105,2105,-15.099999999999916
2106,2106,-18.49649999999988
2107,2107,-29.184100000000026
2108,2108,62.37067655367458
2109,2109,-26.494499999999945
2110,2110,58.76588372320907
2111,2111,52.32328189884899
2112,2112,57.474368380851914
2113,2113,38.23142280382459
2114,2114,45.95013152591245
2115,2115,-17.647399999999852
2116,2116,-25.70049999999995
2117,2117,-24.113000000000085
2118,2118,51.14111207495857
2119,2119,67.7053375803043
2120,2120,-25.11529999999999
2121,2121,45.6671447793737
2122,2122,48.40089583664591
2123,2123,-10.39999999999985
2124,2124,46.49771485197134
2125,2125,49.16487117820846
2126,2126,-28.326799999999942
2127,2127,42.511003914364736
2128,2128,-20.770199999999896
2129,2129,-23.70000000000004
2130,2130,48.173875872096424
2131,2131,54.64427633717298
2132,2132,47.77777672006748
2133,2133,-19.811200000000042
2134,2134,44.71568778459769
2135,2135,-35.082999999999984
2136,2136,-8.570300000000376
2137,2137,-12.614099999999919
2138,2138,-36.18129999999999
2139,2139,-27.408300000000068
2140,2140,-17.410399999999775
2141,2141,-27.619499999999974
2142,2142,-33.210199999999965
2143,2143,-28.852600000000074
2144,2144,-19.456700000000158
2145,2145,-14.187000000000005
2146,2146,42.12942368570181
2147,2147,33.22554580288812
2148,2148,-25.800000000000033
2149,2149,46.132988956937325
2150,2150,40.149677483552836
2151,2151,51.71122007143812
2152,2152,73.60413328057571
2153,2153,41.17629846058729
2154,2154,45.756602742451214
2155,2155,-23.36570000000008
2156,2156,-11.499999999999865
2157,2157,50.83226102637845
2158,2158,64.22397267678511
2159,2159,-37.55030000000001
2160,2160,44.800453003444815
2161,2161,-32.50290000000003
2162,2162,38.10783432463928
2163,2163,35.81065459546637
2164,2164,-38.96239999999999
2165,2165,-24.994400000000063
2166,2166,39.57162258293784
2167,2167,-25.100000000000037
2168,2168,-18.611500000000145
2169,2169,58.45330981035779
2170,2170,64.34565062846819
2171,2171,56.209940709692425
2172,2172,38.07037659029733
2173,2173,-37.658199999999994
2174,2174,64.49399866396686
2175,2175,-18.99999999999997
2176,2176,56.42665197116743
2177,2177,54.86047160682221
2178,2178,-35.76000000000001
2179,2179,46.917765049227924
2180,2180,-22.030800000000166
2181,2181,-24.40000000000004
2182,2182,-9.399999999999835
2183,2183,52.94307579708444
2184,2184,-25.097799999999886
2185,2185,62.17119141222061
2186,2186,-29.726800000000004
2187,2187,-32.7792
2188,2188,-30.512799999999984
2189,2189,56.99071113001109
2190,2190,-15.947599999999937
2191,2191,-12.906299999999849
2192,2192,42.88635457878769
2193,2193,-8.220099999998872
2194,2194,54.801143802186786
2195,2195,-40.7065
2196,2196,-31.526099999999946
2197,2197,39.50646388746153
2198,2198,39.75390066064939
2199,2199,59.10107765961499
2200,2200,-15.68769999999985
2201,2201,-13.9999999999999
2202,2202,58.94186353095944
2203,2203,-30.499500000000047
2204,2204,54.38631899841505
2205,2205,-10.70999999999961
2206,2206,57.39155918353099
2207,2207,47.2450474442177
2208,2208,70.54437420300351
2209,2209,63.57783811147221
2210,2210,30.639926512738867
2211,2211,43.925737757481315
2212,2212,66.21015693591502
2213,2213,56.44445102586
2214,2214,51.332906136771186
2215,2215,59.28457605283603
2216,2216,-36.4704
2217,2217,-24.744700000000147
2218,2218,-17.707399999999723
2219,2219,-37.7702
2220,2220,60.398314057126164
2221,2221,54.561474541892025
2222,2222,43.80517610954776
2223,2223,-36.537
2224,2224,51.27884133834295
2225,2225,38.91521452269355
2226,2226,57.479735514671546
2227,2227,51.78170360400305
2228,2228,45.18958911933626
2229,2229,56.92261781365873
2230,2230,40.23864919326239
2231,2231,50.81241162576627
2232,2232,42.87755479508308
2233,2233,57.31359967311032
2234,2234,-32.17770000000006
2235,2235,-18.399999999999963
2236,2236,63.55228417697543
2237,2237,51.31623265952087
2238,2238,43.53445605850772
2239,2239,-14.099999999999902
2240,2240,38.05629172700636
2241,2241,-33.25840000000001
2242,2242,37.80024418431067
2243,2243,54.14716256536872
2244,2244,57.058514969650005
2245,2245,-21.60000000000001
2246,2246,69.9919255784346
2247,2247,42.89561084164485
2248,2248,-37.93339999999998
2249,2249,-21.10789999999975
2250,2250,47.568648492077656
2251,2251,63.47201789591492
2252,2252,52.56552301397174
2253,2253,-18.702100000000055
2254,2254,-23.67229999999987
2255,2255,45.26069014036022
2256,2256,54.080275345191616
2257,2257,48.9946292486239
2258,2258,58.16997865053885
2259,2259,-33.313499999999976
2260,2260,-21.785299999999932
2261,2261,-17.263599999999997
2262,2262,64.10295796037053
2263,2263,-20.39999999999999
2264,2264,50.8385453529749
2265,2265,-25.862300000000076
2266,2266,68.04082740253001
2267,2267,61.0848546702224
2268,2268,56.993499626144484
2269,2269,-25.809000000000033
2270,2270,54.148337622562615
2271,2271,-20.052499999999863
2272,2272,-32.9835000000001
2273,2273,69.79654310494715
2274,2274,-8.031899999999855
2275,2275,30.967790588818904
2276,2276,-14.899999999999913
2277,2277,58.77295349344269
2278,2278,56.09604557333559
2279,2279,32.706987898667705
2280,2280,37.30219775430753
2281,2281,-38.6622
2282,2282,-29.089900000000036
2283,2283,54.151508539861624
2284,2284,-37.56040000000001
2285,2285,-23.20000000000003
2286,2286,47.14374144040653
2287,2287,-22.460199999999993
2288,2288,-13.166099999999837
2289,2289,-11.837599999999881
2290,2290,-21.300000000000004
2291,2291,-10.33809999999956
2292,2292,55.1369257619545
2293,2293,-7.563699999999841
2294,2294,-26.511799999999944
2295,2295,51.521980457750615
2296,2296,45.39809330611475
2297,2297,58.57395854306712
2298,2298,58.38296520256745
2299,2299,38.80900724278759
2300,2300,63.311495628980076
2301,2301,40.62454179739165
2302,2302,50.19985641045718
2303,2303,64.23126982563404
2304,2304,54.451180128641774
2305,2305,-7.32009999999989
2306,2306,54.50270345380355
2307,2307,-11.499999999999865
2308,2308,-24.19750000000006
2309,2309,58.2919778989669
2310,2310,-34.15920000000001
2311,2311,61.67053312596133
2312,2312,57.63122640000426
2313,2313,72.10617644065033
2314,2314,-39.793200000000006
2315,2315,42.844388313295894
2316,2316,-16.471299999999935
2317,2317,63.90508280159105
2318,2318,59.5412087634046
2319,2319,32.46229142694504
2320,2320,54.5743445538931
2321,2321,57.64581346977512
2322,2322,50.25423433677887
2323,2323,59.3086918217143
2324,2324,41.89350293881179
2325,2325,-24.24430000000015
2326,2326,-11.546099999999818
2327,2327,-20.74459999999985
2328,2328,56.673522752258926
2329,2329,-18.031199999999885
2330,2330,59.273808909915005
2331,2331,59.04811763129459
2332,2332,-21.441999999999876
2333,2333,-30.095300000000012
2334,2334,-20.911499999999855
2335,2335,-26.628599999999963
2336,2336,-37.238
2337,2337,-21.569899999999976
2338,2338,48.572815683297655
2339,2339,58.34780485928125
2340,2340,-15.999999999999929
2341,2341,57.57828858817233
2342,2342,-32.47389999999988
2343,2343,-13.737199999999895
2344,2344,60.66869285540774
2345,2345,62.0192484246433
2346,2346,69.46130056356594
2347,2347,-37.960600000000014
2348,2348,70.30117117667946
2349,2349,-18.699999999999967
2350,2350,43.83813384417776
2351,2351,39.61577801072945
2352,2352,42.97600501767776
2353,2353,50.79686651371927
2354,2354,47.79741853803774
2355,2355,43.892840685716536
2356,2356,54.98611814595449
2357,2357,-30.813200000000098
2358,2358,49.99507542963491
2359,2359,31.491497082064228
2360,2360,-21.0
2361,2361,-20.799999999999997
2362,2362,-34.37860000000002
2363,2363,-11.399999999999864
2364,2364,-10.899999999999856
2365,2365,-39.4974
2366,2366,-10.074599999999762
2367,2367,43.28596102176295
2368,2368,38.8146046057885
2369,2369,41.07931052103294
2370,2370,39.380138217394354
2371,2371,41.09724360992286
2372,2372,-21.0
2373,2373,58.87586910409351
2374,2374,53.471386873195684
2375,2375,47.501588001161785
2376,2376,-34.105000000000004
2377,2377,55.33421144458156
2378,2378,61.188274539449054
2379,2379,44.513470938584994
2380,2380,-25.262100000000007
2381,2381,67.78415298213035
2382,2382,-21.09599999999974
2383,2383,-32.56290000000001
2384,2384,38.292512083740945
2385,2385,53.05382099002094
2386,2386,53.034234340247735
2387,2387,43.21625543718774
2388,2388,62.57850631586011
2389,2389,54.56938789388061
2390,2390,60.57579870097621
2391,2391,43.2327882746015
2392,2392,49.53438186715981
2393,2393,47.72446845158257
2394,2394,69.88645740422055
2395,2395,52.08962638265412
2396,2396,61.0402433997214
2397,2397,41.84059979173404
2398,2398,-38.46180000000001
2399,2399,60.66407474350316
2400,2400,37.94882187790724
2401,2401,59.80420078715885
2402,2402,-16.01259999999989
2403,2403,45.94601757556196
2404,2404,-11.731399999999887
2405,2405,58.18048209454625
2406,2406,-11.85539999999985
2407,2407,-25.858900000000062
2408,2408,57.3906047992121
2409,2409,-29.222399999999986
2410,2410,54.33916725274369
2411,2411,51.21481230286291
2412,2412,68.14293836061769
2413,2413,55.10595400140572
2414,2414,65.80089412388219
2415,2415,55.16236467398294
2416,2416,44.31282212347608
2417,2417,56.36799845636762
2418,2418,-29.223000000000035
2419,2419,-40.6275
2420,2420,66.99861231579436
2421,2421,-19.183700000000197
2422,2422,64.5362970892256
2423,2423,-32.51189999999998
2424,2424,-18.599999999999966
2425,2425,32.99216893519885
2426,2426,56.08766136351811
2427,2427,-16.300299999999556
2428,2428,-11.490699999999766
2429,2429,-39.7251
2430,2430,-13.756399999999857
2431,2431,-32.91949999999999
2432,2432,-26.52390000000003
2433,2433,-24.900000000000038
2434,2434,48.21570443869044
2435,2435,-20.427799999999728
2436,2436,46.38433270083152
2437,2437,-16.069100000000127
2438,2438,41.97761859496794
2439,2439,43.852472479673345
2440,2440,-24.462200000000024
2441,2441,-24.70000000000004
2442,2442,62.92538738600598
2443,2443,40.51869193230347
2444,2444,53.112140449101396
2445,2445,68.6853769214237
2446,2446,49.08005469897135
2447,2447,50.013419766784835
2448,2448,-32.839800000000025
2449,2449,55.461309478383846
2450,2450,-40.3182
2451,2451,-9.546799999999841
2452,2452,-33.73560000000004
2453,2453,54.306846732331195
2454,2454,63.684353907797956
2455,2455,41.34272430816471
2456,2456,-16.199999999999932
2457,2457,-15.128099999999876
2458,2458,53.60058645788084
2459,2459,-28.02450000000007
2460,2460,-29.41169999999999
2461,2461,-21.300000000000004
2462,2462,-7.148599999999931
2463,2463,63.97423641742933
2464,2464,-18.76109999999998
2465,2465,-16.599999999999937
2466,2466,-28.16470000000007
2467,2467,48.742774792098544
2468,2468,42.7328759729326
2469,2469,-29.734599999999965
2470,2470,-35.002100000000056
2471,2471,58.72454596644994
2472,2472,45.52289414665029
2473,2473,-26.926700000000046
2474,2474,47.72234342267754
2475,2475,-9.69999999999984
2476,2476,-25.593900000000026
2477,2477,45.78472796606908
2478,2478,54.49728721791175
2479,2479,41.663732282125416
2480,2480,39.8192460391787
2481,2481,60.114643812275986
2482,2482,50.23093482949449
2483,2483,52.38605504085099
2484,2484,-17.28269999999999
2485,2485,30.48672398155045
2486,2486,-17.550400000000074
2487,2487,-36.983999999999995
2488,2488,-26.08120000000006
2489,2489,59.333691371244726
2490,2490,52.42249239500685
2491,2491,65.27559111839494
2492,2492,-16.248299999999922
2493,2493,48.506380117500434
2494,2494,54.984433833598615
2495,2495,47.145796838034514
2496,2496,51.92040106293994
2497,2497,54.53389896021996
2498,2498,40.56471328580306
2499,2499,46.41668409807709
2500,2500,-18.922600000000045
2501,2501,56.045545792461375
2502,2502,-14.999999999999915
2503,2503,-22.752499999999568
2504,2504,-23.800600000000145
2505,2505,-26.26739999999994
2506,2506,53.940745345582435
2507,2507,-30.608700000000013
2508,2508,-34.75629999999999
2509,2509,48.81748574763478
2510,2510,62.89060322524007
2511,2511,54.56370930269021
2512,2512,67.69085607996625
2513,2513,-23.408000000000015
2514,2514,56.26024667834888
2515,2515,57.540294216379486
2516,2516,-25.4549
2517,2517,45.48134211975042
2518,2518,-24.833999999999964
2519,2519,-19.191199999999714
2520,2520,-35.50039999999999
2521,2521,52.165432951336925
2522,2522,52.55957299496931
2523,2523,59.03824581318591
2524,2524,58.97961868218622
2525,2525,70.59225271437101
2526,2526,70.11231526042246
2527,2527,43.67003594360775
2528,2528,37.550365541211136
2529,2529,52.36267240121305
2530,2530,-24.90880000000004
2531,2531,-7.352400000000074
2532,2532,-11.210399999999943
2533,2533,59.079786313282625
2534,2534,-23.600000000000037
2535,2535,55.55280210928781
2536,2536,42.95542914962884
2537,2537,-25.51590000000008
2538,2538,28.673621583358084
2539,2539,66.82977385001566
2540,2540,52.63828085939329
2541,2541,48.972513343312755
2542,2542,66.97078878995575
2543,2543,-25.100000000000037
2544,2544,45.67375542154022
2545,2545,28.869554987948913
2546,2546,-27.302000000000035
2547,2547,52.35969257049591
2548,2548,-21.70000000000001
2549,2549,41.602903044691494
2550,2550,53.90400470114395
2551,2551,48.134188522726845
2552,2552,63.42134807484999
2553,2553,46.868118400815085
2554,2554,-23.20000000000003
2555,2555,64.42311244418894
2556,2556,39.08881033877313
2557,2557,-26.000000000000036
2558,2558,28.62035913454712
2559,2559,-36.56579999999998
2560,2560,41.46698722465769
2561,2561,-26.60000000000003
2562,2562,66.56729724053224
2563,2563,40.867124428664084
2564,2564,-29.28450000000002
2565,2565,-17.527099999999987
2566,2566,40.62346980431055
2567,2567,-15.738399999999949
2568,2568,56.859171637355516
2569,2569,53.0442817371562
2570,2570,42.592454036224616
2571,2571,-36.28909999999999
2572,2572,-24.100800000000064
2573,2573,56.536967779249395
2574,2574,45.114336850289
2575,2575,60.382077726418
2576,2576,-9.849499999999924
2577,2577,43.18597954663465
2578,2578,60.82655396406659
2579,2579,58.15833498622802
2580,2580,46.392081527192815
2581,2581,55.61200708067941
2582,2582,40.86329999176243
2583,2583,53.25617419262226
2584,2584,-35.254599999999996
2585,2585,-25.700000000000035
2586,2586,46.82799531172068
2587,2587,56.663345601448874
2588,2588,65.58708843926405
2589,2589,40.470733745865886
2590,2590,-40.6865
2591,2591,40.766712829648405
2592,2592,50.21492573513351
2593,2593,41.38890566571151
2594,2594,-33.981200000000044
2595,2595,-18.699999999999967
2596,2596,64.72369817869529
2597,2597,-18.240099999999817
2598,2598,54.68352320184004
2599,2599,59.0955351224969
2600,2600,-35.64250000000003
2601,2601,54.18756905618414
2602,2602,65.70621104327998
2603,2603,71.9135158282738
2604,2604,-25.61570000000001
2605,2605,-25.75350000000016
2606,2606,70.71080023841499
2607,2607,55.91131288405055
2608,2608,50.66673784775694
2609,2609,37.64441348197098
2610,2610,-25.958300000000012
2611,2611,-16.69999999999994
2612,2612,-21.247400000000027
2613,2613,-21.900000000000013
2614,2614,-17.716199999999876
2615,2615,-33.58170000000001
2616,2616,46.922089542216185
2617,2617,-29.601500000000033
2618,2618,39.29842952249959
2619,2619,68.5805154888915
2620,2620,-26.084799999999937
2621,2621,46.870269610989375
2622,2622,-11.875099999999957
2623,2623,63.444736218997086
2624,2624,-12.48859999999975
2625,2625,-12.875699999999767
2626,2626,-26.60000000000003
2627,2627,50.07395898853888
2628,2628,55.22445410900421
2629,2629,43.59946518887436
2630,2630,-11.999999999999872
2631,2631,68.44015405020377
2632,2632,71.0129933834799
2633,2633,55.42823437371626
2634,2634,40.63096517326632
2635,2635,54.68325361541823
2636,2636,-24.600000000000037
2637,2637,-19.799999999999983
2638,2638,-15.712499999999896
2639,2639,59.28840976719197
2640,2640,47.71667954257798
2641,2641,46.599655649229405
2642,2642,-22.154799999999977
2643,2643,62.107768464674336
2644,2644,-32.96650000000003
2645,2645,-25.300000000000036
2646,2646,49.17405365134852
2647,2647,65.53544448897904
2648,2648,39.33749777189979
2649,2649,45.10849629750999
2650,2650,-28.398700000000026
2651,2651,-32.42269999999994
2652,2652,64.23778040326025
2653,2653,37.8858944472331
2654,2654,-39.7454
2655,2655,57.35945252495381
2656,2656,-39.65549999999999
2657,2657,58.804426970672395
2658,2658,-25.335700000000188
2659,2659,42.23472278713123
2660,2660,67.28223736597351
2661,2661,-34.18590000000001
2662,2662,-39.733399999999996
2663,2663,-28.83769999999994
2664,2664,-27.348699999999916
2665,2665,64.47586244048003
2666,2666,45.934077576945114
2667,2667,61.96331007389358
2668,2668,41.85340842229258
2669,2669,-16.918700000000086
2670,2670,-23.4937000000002
2671,2671,49.03327607555437
2672,2672,38.869974840663474
2673,2673,44.251417545963236
2674,2674,-28.438499999999998
2675,2675,-34.08170000000002
2676,2676,33.555086955632305
2677,2677,46.63801908754931
2678,2678,59.89213989259307
2679,2679,-36.05609999999999
2680,2680,43.71761909190505
2681,2681,53.76083415288159
2682,2682,45.078627798175226
2683,2683,60.50211533284974
2684,2684,-34.17800000000003
2685,2685,-22.40000000000002
2686,2686,61.22161058089373
2687,2687,-19.299999999999976
2688,2688,59.444522866691
2689,2689,-26.697199999999995
2690,2690,63.57703202273343
2691,2691,56.49318063370101
2692,2692,62.197659105292075
2693,2693,58.3674435777356
2694,2694,53.52368800172487
2695,2695,51.40125941238455
2696,2696,60.39905585711878
2697,2697,-32.40150000000005
2698,2698,62.272791073402146
2699,2699,55.05646462514072
2700,2700,59.075433437361966
2701,2701,48.19438445567461
2702,2702,72.47480865473003
2703,2703,52.331179208619915
2704,2704,46.526020255936245
2705,2705,-31.03829999999997
2706,2706,39.97271763490708
2707,2707,-33.8828
2708,2708,45.46110762619013
2709,2709,53.90063186354631
2710,2710,-36.92529999999998
2711,2711,42.699924579294574
2712,2712,-27.60210000000004
2713,2713,-24.000000000000043
2714,2714,40.57265023936068
2715,2715,-16.236700000000322
2716,2716,31.600590895460606
2717,2717,41.274890987620665
2718,2718,72.48762603093996
2719,2719,-17.690700000000007
2720,2720,64.81017358908926
2721,2721,58.761276702869374
2722,2722,-30.652599999999985
2723,2723,66.40616545456321
2724,2724,64.27028074623993
2725,2725,43.352295882793996
2726,2726,55.47618577923933
2727,2727,-26.000000000000036
2728,2728,-28.603400000000008
2729,2729,-17.641799999999968
2730,2730,43.1298644099254
2731,2731,32.892078046114605
2732,2732,57.576826744591116
2733,2733,54.58186421244455
2734,2734,-14.685899999999723
2735,2735,35.660273492259854
2736,2736,57.534612461852014
2737,2737,38.19044390199452
2738,2738,-37.44879999999999
2739,2739,-31.247499999999988
2740,2740,61.4339046218585
2741,2741,58.32146008695725
2742,2742,-20.39999999999999
2743,2743,47.25300536531364
2744,2744,46.86535073005723
2745,2745,59.414889172706026
2746,2746,-33.94870000000002
2747,2747,48.009585051249005
2748,2748,45.437322271129005
2749,2749,29.422370215188007
2750,2750,43.133178672836316
2751,2751,46.75218834524525
2752,2752,-35.17999999999999
2753,2753,54.83485157039653
2754,2754,48.05463568846486
2755,2755,55.2232621913375
2756,2756,50.51921688461576
2757,2757,38.79926189334045
2758,2758,-35.41120000000005
2759,2759,58.15850101361626
2760,2760,-17.32120000000006
2761,2761,-33.30660000000001
2762,2762,-35.200900000000004
2763,2763,-14.21190000000001
2764,2764,62.051342123388395
2765,2765,39.980593610052956
2766,2766,-27.615500000000008
2767,2767,-11.07869999999986
2768,2768,-14.656799999999851
2769,2769,-39.8525
2770,2770,-24.809500000000018
2771,2771,55.43098843414677
2772,2772,-7.987299999999735
2773,2773,35.305820026920706
2774,2774,-27.774900000000038
2775,2775,-9.589799999999876
2776,2776,43.76721885524496
2777,2777,54.21046223754111
2778,2778,58.898210843966304
2779,2779,-15.63829999999998
2780,2780,-20.141399999999813
2781,2781,55.63402284028097
2782,2782,43.537499210565706
2783,2783,-21.301499999999866
2784,2784,33.95921414302094
2785,2785,-31.51919999999995
2786,2786,-32.251399999999975
2787,2787,53.895948388349126
2788,2788,-35.097800000000035
2789,2789,42.44817422223989
2790,2790,55.876186184024306
2791,2791,40.12564931784492
2792,2792,49.642313006632726
2793,2793,57.602026016901874
2794,2794,-16.88310000000004
2795,2795,41.161443132430755
2796,2796,59.903160249153416
2797,2797,-16.599999999999937
2798,2798,49.93900493129996
2799,2799,64.23751925779037
2800,2800,54.40752126349889
2801,2801,-32.88010000000001
2802,2802,-21.900000000000013
2803,2803,60.94800340017666
2804,2804,-33.633800000000065
2805,2805,53.08516214718577
2806,2806,-19.999999999999986
2807,2807,-24.4242
2808,2808,61.563201980110605
2809,2809,32.98970104760802
2810,2810,54.94156826587541
2811,2811,-36.915600000000005
2812,2812,-21.013199999999905
2813,2813,41.02692782682209
2814,2814,38.497645689071895
2815,2815,-26.62840000000002
2816,2816,49.25027591225458
2817,2817,-11.133999999999851
2818,2818,58.557319062743005
2819,2819,53.86781908497601
2820,2820,-32.286100000000026
2821,2821,36.096088662633164
2822,2822,-38.41279999999999
2823,2823,-41.79099999999999
2824,2824,-6.601299999999782
2825,2825,-19.30080000000001
2826,2826,-32.204700000000024
2827,2827,55.74385082346258
2828,2828,-38.152199999999986
2829,2829,-23.215199999999996
2830,2830,-37.51210000000001
2831,2831,44.07416613837741
2832,2832,48.738595556736335
2833,2833,-16.199999999999932
2834,2834,-8.644099999999852
2835,2835,57.867553533057986
2836,2836,-13.099999999999888
2837,2837,61.58692608197481
2838,2838,46.87877710321057
2839,2839,43.53969652708838
2840,2840,51.87345250749388
2841,2841,-35.1082
2842,2842,-26.50800000000004
2843,2843,-32.90349999999997
2844,2844,66.92047366876282
2845,2845,-26.94060000000002
2846,2846,-33.00839999999995
2847,2847,-39.14430000000003
2848,2848,57.03852053449409
2849,2849,41.541313635001785
2850,2850,-31.642500000000027
2851,2851,57.36008008170857
2852,2852,51.86873368137579
2853,2853,54.172597867355975
2854,2854,-26.570899999999945
2855,2855,59.420413379615326
2856,2856,-18.207799999999636
2857,2857,57.43590982785973
2858,2858,63.7936783404097
2859,2859,-38.99430000000001
2860,2860,-19.91079999999996
2861,2861,-30.19839999999997
2862,2862,54.95609683827681
2863,2863,71.32112507386458
2864,2864,44.61267750615042
2865,2865,61.70222562610331
2866,2866,44.40282298247318
2867,2867,-41.81730000000002
2868,2868,56.21025706784302
2869,2869,62.4478210498837
2870,2870,50.6168416424723
2871,2871,39.692858971150635
2872,2872,-19.890399999999858
2873,2873,65.07990319491316
2874,2874,45.12757982910429
2875,2875,57.009793606746385
2876,2876,-20.465699999999973
2877,2877,58.75875184850698
2878,2878,-19.24919999999993
2879,2879,35.91066020560539
2880,2880,60.090453021494426
2881,2881,-24.852
2882,2882,70.0162870047489
2883,2883,48.228239641654596
2884,2884,57.626722697246315
2885,2885,-37.912099999999995
2886,2886,41.21528876378258
2887,2887,-32.35580000000004
2888,2888,-18.19999999999996
2889,2889,61.98211153243565
2890,2890,51.70729395949172
2891,2891,57.07680185435105
2892,2892,-29.474799999999966
2893,2893,-28.01049999999996
2894,2894,54.390740934123286
2895,2895,52.20655415062063
2896,2896,68.51316270240632
2897,2897,48.441782054929014
2898,2898,60.226459102435555
2899,2899,-25.400000000000034
2900,2900,48.70117490056528
2901,2901,-26.677600000000048
2902,2902,-30.220000000000013
2903,2903,28.757636053081963
2904,2904,-34.32420000000001
2905,2905,-34.57350000000003
2906,2906,69.70011335938486
2907,2907,-16.47669999999992
2908,2908,-7.220699999999873
2909,2909,-37.107499999999995
2910,2910,35.90427931485295
2911,2911,40.70209865992376
2912,2912,-25.900900000000032
2913,2913,-36.20200000000005
2914,2914,59.834982762257184
2915,2915,38.366103822709604
2916,2916,60.508189993324194
2917,2917,-10.732999999999848
2918,2918,37.922549596936186
2919,2919,-14.75639999999975
2920,2920,-21.02840000000012
2921,2921,-25.900000000000034
2922,2922,51.88048623234455
2923,2923,51.69110396517172
2924,2924,57.67361467281891
2925,2925,-9.097200000000125
2926,2926,30.892728386128226
2927,2927,50.57925315373434
2928,2928,-9.004099999999813
2929,2929,-15.999999999999929
2930,2930,-17.14620000000003
2931,2931,64.66400363410692
2932,2932,45.9068351556853
2933,2933,47.78551473482525
2934,2934,-17.059500000000025
2935,2935,-35.277899999999974
2936,2936,-40.1612
2937,2937,-11.72899999999986
2938,2938,67.38048294126489
2939,2939,-24.821500000000043
2940,2940,48.82854083610784
2941,2941,54.41704247665983
2942,2942,52.91667929827554
2943,2943,47.226348240335156
2944,2944,61.5209630706251
2945,2945,49.52366907302599
2946,2946,59.942100640699564
2947,2947,-24.80000000000004
2948,2948,69.82598448688513
2949,2949,63.95970909158039
2950,2950,-36.17399999999999
2951,2951,53.95464080654834
2952,2952,-27.149800000000013
2953,2953,-25.649800000000027
2954,2954,29.773181539062236
2955,2955,-38.90159999999995
2956,2956,60.089888489691816
2957,2957,-28.68480000000002
2958,2958,48.78588074412086
2959,2959,58.76827524405397
2960,2960,-13.9999999999999
2961,2961,-32.71610000000001
2962,2962,65.86722998247264
2963,2963,54.70605957573789
2964,2964,47.01991881291956
2965,2965,48.50873036225313
2966,2966,56.28528445198599
2967,2967,-13.02609999999989
2968,2968,-9.998099999999905
2969,2969,69.95003908545775
2970,2970,-15.799999999999926
2971,2971,57.949324121158355
2972,2972,69.67493633269936
2973,2973,-11.189299999999182
2974,2974,49.11659129033418
2975,2975,64.40842558252143
2976,2976,46.35325962582388
2977,2977,-14.2269999999999
2978,2978,-27.202199999999955
2979,2979,-11.365299999999753
2980,2980,-32.00949999999994
2981,2981,46.06020491042332
2982,2982,-10.685199999999881
2983,2983,51.51316871544317
2984,2984,-39.2474
2985,2985,-24.610300000000173
2986,2986,52.696419785538225
2987,2987,61.324783962381716
2988,2988,49.78164342616371
2989,2989,-22.254099999999973
2990,2990,60.33512599834245
2991,2991,-35.3308
2992,2992,40.07713586820493
2993,2993,-36.8383
2994,2994,40.87504781771915
2995,2995,66.82014919777865
2996,2996,56.22323305801356
2997,2997,45.25648709319869
2998,2998,65.90256643219622
2999,2999,57.075162058134765
3000,3000,43.02856188751032
3001,3001,52.676312708988235
3002,3002,-22.700000000000024
3003,3003,56.654342354161
3004,3004,-19.399999999999977
3005,3005,44.60880060947644
3006,3006,55.75192881628367
3007,3007,58.87341082778055
3008,3008,-38.32169999999998
3009,3009,57.9944752805403
3010,3010,68.48528124926035
3011,3011,39.80838969847661
3012,3012,-37.927499999999974
3013,3013,-26.11610000000003
3014,3014,-12.332899999999917
3015,3015,-35.929400000000015
3016,3016,-24.000000000000043
3017,3017,45.956779157099426
3018,3018,65.0976590398964
3019,3019,-26.75250000000009
3020,3020,-26.68060000000001
3021,3021,45.36720760038365
3022,3022,67.30080405441058
3023,3023,-36.291100000000014
3024,3024,43.705276706961754
3025,3025,-21.46250000000001
3026,3026,60.948099717141105
3027,3027,-16.599999999999937
3028,3028,-29.98640000000009
3029,3029,66.13590284948921
3030,3030,50.722385793548355
3031,3031,41.44227122625572
3032,3032,46.120042090856494
3033,3033,-14.877299999999924
3034,3034,42.05314052131501
3035,3035,-7.380199999999654
3036,3036,-31.226400000000037
3037,3037,42.668961367989276
3038,3038,-10.408800000000067
3039,3039,52.60766529735477
3040,3040,-17.273900000000094
3041,3041,65.47691240584697
3042,3042,51.36176484382522
3043,3043,43.644648565142894
3044,3044,-23.51579999999993
3045,3045,55.55868606141447
3046,3046,-32.73580000000003
3047,3047,-35.74859999999998
3048,3048,55.707677991669904
3049,3049,69.79051868356262
3050,3050,69.13379079699949
3051,3051,-31.2926
3052,3052,52.725909956141294
3053,3053,66.11494158541372
3054,3054,51.51149998398284
3055,3055,-35.338
3056,3056,48.472741880912224
3057,3057,53.89349257974237
3058,3058,45.28066011848257
3059,3059,-21.0
3060,3060,68.7172470057844
3061,3061,-22.552400000000155
3062,3062,59.0395308339181
3063,3063,46.20915845214292
3064,3064,44.101186857061755
3065,3065,43.22695406981894
3066,3066,40.90487373754262
3067,3067,-31.277999999999917
3068,3068,-7.101099999999917
3069,3069,71.0908108874356
3070,3070,50.822087627107116
3071,3071,-15.660000000000004
3072,3072,56.61505907002827
3073,3073,55.771369764976484
3074,3074,-17.183799999999927
3075,3075,58.13993661491766
3076,3076,58.330591076259594
3077,3077,64.91217185217839
3078,3078,-21.104099999999946
3079,3079,47.85169620729747
3080,3080,43.06804513948913
3081,3081,-24.081600000000048
3082,3082,54.7960666202999
3083,3083,-25.45950000000012
3084,3084,-20.599999999999994
3085,3085,31.810107636844997
3086,3086,-17.338199999999713
3087,3087,45.39732457017369
3088,3088,63.67694577635021
3089,3089,-11.299999999999862
3090,3090,64.9204899424291
3091,3091,-24.70000000000004
3092,3092,59.79322718696612
3093,3093,-19.399999999999977
3094,3094,49.286460698393995
3095,3095,68.23500806048727
3096,3096,-33.693599999999996
3097,3097,48.44760941732508
3098,3098,51.080489795000645
3099,3099,-34.65480000000002
3100,3100,49.69216540834139
3101,3101,-38.573899999999995
3102,3102,-15.7362999999999
3103,3103,52.249741102986754
3104,3104,41.24424000970194
3105,3105,-26.4922
3106,3106,47.348459341659336
3107,3107,39.88743772719991
3108,3108,67.28308924461206
3109,3109,65.56106493130287
3110,3110,42.27134826552135
3111,3111,68.39815992595263
3112,3112,-23.00000000000003
3113,3113,56.53691968411784
3114,3114,49.94430585642072
3115,3115,-36.31819999999999
3116,3116,58.750120540017676
3117,3117,50.229612284722975
3118,3118,50.359291553018174
3119,3119,-33.02970000000002
3120,3120,48.170775200765625
3121,3121,72.57988747811623
3122,3122,-27.916199999999996
3123,3123,-25.008400000000037
3124,3124,-37.3943
3125,3125,68.33770243489215
3126,3126,40.31363726009993
3127,3127,-25.999599999999976
3128,3128,45.94730315031626
3129,3129,56.70303273993561
3130,3130,-39.0498
3131,3131,61.208635212426735
3132,3132,-36.23100000000002
3133,3133,-12.559299999999588
3134,3134,-32.31539999999999
3135,3135,45.898172957144574
3136,3136,52.842186821931904
3137,3137,49.80305383067077
3138,3138,-33.90770000000002
3139,3139,51.564899601575185
3140,3140,36.140576900752855
3141,3141,-23.00000000000003
3142,3142,-31.25289999999999
3143,3143,-19.94050000000021
3144,3144,30.871053533342184
3145,3145,72.0386174935016
3146,3146,-35.25180000000003
3147,3147,45.407598328437174
3148,3148,-39.8657
3149,3149,52.630279435799345
3150,3150,28.741104333953363
3151,3151,59.86865241608921
3152,3152,56.626012087901174
3153,3153,70.70780194247173
3154,3154,68.033983860448
3155,3155,-16.89999999999994
3156,3156,-16.499999999999936
3157,3157,-20.599999999999994
3158,3158,59.68705586318841
3159,3159,70.09280657650373
3160,3160,39.217238583686196
3161,3161,41.38216054898713
3162,3162,60.78913140468506
3163,3163,57.83405345632349
3164,3164,-28.72819999999996
3165,3165,-33.44780000000004
3166,3166,52.49694734824199
3167,3167,55.22265586548251
3168,3168,50.67608503832456
3169,3169,58.19075565289362
3170,3170,54.663602180289644
3171,3171,-26.512000000000032
3172,3172,58.905210360577556
3173,3173,-13.773499999999853
3174,3174,52.061268132546545
3175,3175,39.324008516967005
3176,3176,59.770489009042024
3177,3177,53.00895371375856
3178,3178,-37.120599999999996
3179,3179,-8.337999999999802
3180,3180,53.50772283836872
3181,3181,55.93925326852065
3182,3182,-20.62089999999999
3183,3183,39.76173926175993
3184,3184,-28.854800000000026
3185,3185,39.61223542440831
3186,3186,29.635549189915455
3187,3187,-33.992299999999986
3188,3188,-28.24250000000002
3189,3189,54.846536805684046
3190,3190,-29.99490000000003
3191,3191,56.089455377560434
3192,3192,49.684011120843934
3193,3193,50.228310756770796
3194,3194,46.265673365077795
3195,3195,-19.999999999999986
3196,3196,-25.300000000000036
3197,3197,58.16049869118371
3198,3198,58.296735476501524
3199,3199,52.046797795111154
3200,3200,49.432444253797826
3201,3201,36.97962113088731
3202,3202,59.48576574071252
3203,3203,-33.940000000000005
3204,3204,56.27796610625425
3205,3205,56.05774989238722
3206,3206,63.3714025565452
3207,3207,53.337178670233456
3208,3208,70.10657187441892
3209,3209,-26.20000000000003
3210,3210,-21.200000000000003
3211,3211,69.83834723627855
3212,3212,59.36218456664649
3213,3213,43.596508514985956
3214,3214,-24.661199999999972
3215,3215,52.94239426850942
3216,3216,-35.9605
3217,3217,-32.68830000000001
3218,3218,-21.96599999999986
3219,3219,56.30856912097964
3220,3220,47.19300742893412
3221,3221,-17.24039999999996
3222,3222,-16.008099999999857
3223,3223,-23.10000000000003
3224,3224,57.94034807023437
3225,3225,-36.81100000000003
3226,3226,43.720444234085335
3227,3227,-33.21600000000005
3228,3228,-31.17219999999998
3229,3229,-38.56440000000001
3230,3230,46.098343157867305
3231,3231,67.74884463165523
3232,3232,-36.305899999999994
3233,3233,-16.125399999999864
3234,3234,45.850002305250044
3235,3235,-16.599999999999937
3236,3236,41.41160797524044
3237,3237,57.26758582846669
3238,3238,61.83022933755231
3239,3239,-9.968799999999863
3240,3240,59.99802689439208
3241,3241,56.01339568051485
3242,3242,-33.170200000000044
3243,3243,-29.01190000000002
3244,3244,46.128194663742605
3245,3245,49.01191682482669
3246,3246,50.05482026887745
3247,3247,55.45858102354349
3248,3248,-36.26869999999999
3249,3249,-28.62950000000004
3250,3250,-35.960400000000014
3251,3251,-26.406000000000034
3252,3252,56.54569118207611
3253,3253,-24.911900000000017
3254,3254,-34.274300000000004
3255,3255,-21.51999999999996
3256,3256,64.3856211449293
3257,3257,53.90405426080433
3258,3258,69.50848326793678
3259,3259,64.00397198304421
3260,3260,-21.200000000000003
3261,3261,29.739174200859015
3262,3262,-14.323899999999941
3263,3263,41.86991407542542
3264,3264,61.201609496553544
3265,3265,62.5177210319542
3266,3266,-27.22330000000001
3267,3267,58.46946994196687
3268,3268,-7.9295999999998585
3269,3269,-31.421700000000037
3270,3270,-23.24009999999993
3271,3271,-21.723999999999954
3272,3272,53.85457048149896
3273,3273,-32.1664
3274,3274,51.623273766516334
3275,3275,-39.06149999999998
3276,3276,58.38437858898785
3277,3277,46.215926078616484
3278,3278,-35.861899999999984
3279,3279,-37.37910000000001
3280,3280,53.11022305804126
3281,3281,-22.944999999999958
3282,3282,-27.83950000000003
3283,3283,52.40048313040062
3284,3284,-25.024700000000095
3285,3285,-24.30000000000004
3286,3286,-18.246999999999744
3287,3287,60.83313257302643
3288,3288,52.99757328053145
3289,3289,56.38711149368993
3290,3290,64.3928818515904
3291,3291,-19.51799999999981
3292,3292,42.80420250160024
3293,3293,51.47750060907807
3294,3294,57.54361807264047
3295,3295,-26.373100000000004
3296,3296,68.18436952746812
3297,3297,46.99330339263422
3298,3298,49.223092855521614
3299,3299,59.541324117258334
